Species,nchar,haddock_score_mean,haddock_score_sd,AA_83_Y,AA_30_negative,ForStrat_terrestrial,ForStrat_aquatic,Activity.Nocturnal,Activity.Crepuscular,Activity.Diurnal,female_maturity_d,male_maturity_d,weaning_d,litters_or_clutches_per_y,longevity_y,adult_svl_cm,infantMortalityRate_per_year,mortalityRateDoublingTime_y,metabolicRate_W,temperature_K,diet_breadth,development_d,mass_specific_production,log_litterclutch_size_n,log_inter_litterbirth_interval_y,log_birthhatching_weight_g,log_weaning_weight_g,log_adult_body_mass_g,log_female_body_mass_g,log_male_body_mass_g,tnc_ecoregion_breadth,log_range_size,X2.1_AgeatEyeOpening_d,X9.1_GestationLen_d,X10.2_SocialGrpSize,X24.1_TeatNumber,X6.2_TrophicLevel,X13.3_WeaningHeadBodyLen_mm,X26.2_GR_MaxLat_dd,X26.3_GR_MinLat_dd,X26.4_GR_MidRangeLat_dd,X26.5_GR_MaxLong_dd,X26.6_GR_MinLong_dd,X26.7_GR_MidRangeLong_dd,X27.4_HuPopDen_Change,X28.1_Precip_Mean_mm,X28.2_Temp_Mean_01degC,X30.1_AET_Mean_mm,X30.2_PET_Mean_mm,log_DispersalAge_d,log_HomeRange_km2,log_HomeRange_Indiv_km2,log_PopulationDensity_n.km2,log_PopulationGrpSize,log_HuPopDen_Min_n.km2,log_HuPopDen_Mean_n.km2,log_HuPopDen_5p_n.km2,log_NeonateHeadBodyLen_mm,log_WOS_hits,Afrosoricida,Artiodactyla,Carnivora,Cetacea,Chiroptera,Cingulata,Dasyuromorphia,Didelphimorphia,Diprotodontia,Erinaceomorpha,Lagomorpha,Macroscelidea,Monotremata,Perissodactyla,Pholidota,Primates,Proboscidea,Rodentia,Sirenia,Soricomorpha,Tubulidentata,traits_wild
Neovison vison,805,-144.81476,1.580668,1,1,1,0,1,1,0,297.72262,371,49,1,10.69583333,43,NA,NA,2.722,312.15,0.4,36.22062,0.045708696860239,1.56024766824333,-0.000684694349687,2.15640258281596,4.70048036579242,6.80211694695914,7.01398524908304,7.44424864949671,27,16.494734848921,NA,36.7059868087532,NA,NA,NA,NA,71.39,24.94,48.16,-55.61,-168.12,-111.87,0.03,55.37,14.91,458.26,529.25,NA,-2.8668540786771,-2.75432928903185,4.08563472032636,NA,1.05668243588002,3.00617753141553,0.025740921517294,3.80320347281325,7.55747290161475,0,0,1,0,0,0,0,0,0,0,0,0,0,0,0,0,0,0,0,0,0,1
Acinonyx jubatus,805,-127.07811,1.7479599082931,1,1,1,0,0,0,1,598.985,456,107,0.7,19,149.0215,NA,NA,61.77,312.15,0.1,89.06,0.019578152680062,1.11185751541813,0.395145099532606,6.14274683130477,7.57044325205737,10.8312703964049,9.84616720256968,10.9888022203638,0.30952380952381,15.4485083027574,9.03,92.24,NA,12,3,NA,37.72,-29.22,4.24,60.82,-14.91,22.95,0.11,51.26,230.83,595.06,1499.04,6.14203740558736,4.48040029903214,4.54732918629824,-4.60517018598809,NA,0.9075868953325,2.98971420122843,-0.06747406865916,5.52146091786225,6.69456218228346,0,0,1,0,0,0,0,0,0,0,0,0,0,0,0,0,0,0,0,0,0,1
Aotus nancymaae,805,-140.61918,2.62931126165516,1,1,1,0,1,0,0,683.548198366068,627.229743458721,199.718698343999,1.37343313603204,11.391667,37,NA,NA,NA,NA,0.6,127.74522130564,0.15340209064898,0.01980262729618,-0.116039619677797,4.27583582627974,6.12942815024094,6.67333589372355,7.44476196795775,6.72083442441452,0.083333333333333,13.1077123299695,NA,108.672743297838,4,NA,2,NA,-2.72,-6.47,-4.59,-66.61,-75.95,-71.28,0.05,228.04,261.24,1531.25,1533.13,NA,-2.93955708556789,-2.66337791410359,3.33790253128984,NA,1.66903180323797,0.122217632724249,0.45545175284774,4.0465834288717,4.70048127488291,0,0,0,0,0,0,0,0,0,0,0,0,0,0,0,1,0,0,0,0,0,1
Balaenoptera acutorostrata,804,-117.73942,2.00381238243505,1,0,0,1,0,0,1,2740,2740,167.34,1,48.5,786.4655,NA,NA,NA,NA,0.2,309.30635,0.042666666666668,0,0.252001696502433,12.6760762747759,14.4928948655192,15.8304135785065,10.9183079048142,14.5922946910239,0.55952380952381,18.7286114974889,NA,304.16,2,NA,3,NA,11.6593944956289,0.560050655742924,6.20141329532493,35.8462191348506,14.8058324570041,25.2303577317083,NA,148.434830155173,177.854436724966,894.442357184107,1307.2678672614,NA,2.44221110857526,-2.45859490763484,-1.03463298132377,0,1.63228106881657,1.62524102235727,0.6544669074748,8.93590221048408,6.1590955999084,0,0,0,1,0,0,0,0,0,0,0,0,0,0,0,0,0,0,0,0,0,1
Bos mutus,804,-128.36399,2.84359321885766,1,1,NA,NA,NA,NA,NA,494.972660875621,702.981098753097,90.1996170930266,1.06882275004379,11.2455786441589,38.2345074056162,NA,NA,NA,NA,NA,120.038185274421,0.407256506079253,0.526610412379531,-0.172862528203159,2.92496772339579,5.16699071965206,NA,5.24806788375133,6.01821246558614,0.047619047619048,13.0593990704501,NA,108.754438507933,NA,NA,NA,NA,13.6954380366112,-0.794175916708367,6.20141329532493,35.8462191348506,14.8058324570041,25.2303577317083,NA,149.293169828659,181.553030412158,875.991850253619,1326.44398825791,NA,-1.31983819609116,-2.78191592192218,5.08273775242875,NA,1.84710122325669,1.97751249160107,0.721809858636955,3.97557992121333,3.66356421022892,0,1,0,0,0,0,0,0,0,0,0,0,0,0,0,0,0,0,0,0,0,1
Bos taurus,804,-128.36399,2.84359321885767,1,1,1,0,0,0,1,548,365.25,182.64,1,20,310,NA,NA,306.77,311.15,0.1,277,0.016864346834293,0,0,9.25272913846797,NA,13.335282678753,NA,NA,NA,NA,NA,280.48,NA,NA,NA,NA,15.08,11.85,13.46,108.99,107.08,108.04,0.15,174.94,228.73,1193.98,1450.23,NA,2.30657711426358,NA,NA,NA,0.693147180559945,3.74903337693368,1.09861228866811,NA,22.1351727465773,0,1,0,0,0,0,0,0,0,0,0,0,0,0,0,0,0,0,0,0,0,0
Bubalus bubalis,803,-127.15986,1.91237674008026,1,1,1,0,1,1,1,553.53384,NA,228.135,1,31.883333,282.476,NA,NA,NA,311.25,0.1,312.91623,0.062329971393186,0.318453731118535,0.222458852961783,10.5320962119585,NA,13.6258628301959,NA,NA,NA,NA,NA,320,NA,NA,1,NA,27.44,14.51,20.98,100,84.68,92.34,0.08,154.04,223.58,1028.93,1394.47,6.81617712649249,1.28923264827676,NA,0.058268908123976,NA,0.693147180559945,5.54008638198541,2.30258509299405,NA,8.41449581534101,0,1,0,0,0,0,0,0,0,0,0,0,0,0,0,0,0,0,0,0,0,0
Callithrix jacchus,805,-134.08256,2.48966154335171,1,1,1,0,0,0,1,477,382,62,2,16.25,30,NA,NA,0.848,309.15,0.4,144,0.476087774294671,0.806475865866949,-0.798279566685737,3.30027146307219,4.57264699428253,5.54204755147063,5.50416313563014,5.76832099579377,0.083333333333333,13.7572136271558,NA,144,8.55,NA,2,NA,-2.78,-10.38,-6.58,-34.79,-45.78,-40.28,0.06,99.39,249.92,912.68,1488.61,NA,-3.91202300542815,-3.82294234275879,6.23083571552684,NA,0,4.11854925091892,0.693147180559945,4.41125570039338,8.12858522987302,0,0,0,0,0,0,0,0,0,0,0,0,0,0,0,1,0,0,0,0,0,1
Callorhinus ursinus,806,-138.61938,1.70744608035901,1,1,0,1,1,1,0,1461,2007,107,0.695,26,193.241,NA,NA,NA,NA,0.2,247.37466,0.065557702612212,0,-0.000684694349687,8.56252309005184,9.40178683654714,10.9235042248777,10.6184851234305,10.2750511089686,0.095238095238095,16.6424748507472,0,358.49,NA,NA,2,NA,11.5608970589117,0.82791922829642,6.20141329532493,35.8462191348506,14.8058324570041,25.2303577317083,NA,149.323704716128,182.011948498015,884.150681532474,1325.22181902295,4.78749174278205,1.40333951710212,-2.37896430334941,2.89037175789616,NA,1.70523840332115,1.85901246814543,0.373271637367247,7.00943670980786,6.29894943067946,0,0,1,0,0,0,0,0,0,0,0,0,0,0,0,0,0,0,0,0,0,1
Camelus bactrianus,805,-115.58817,2.13522575702066,1,1,1,0,0,0,1,1278.156,1278,319.289,0.5,35.4,345,NA,NA,NA,NA,0.1,395.7475,0.037368421052631,0,0.692462486210258,10.4772879754635,NA,13.0710700830168,NA,NA,NA,NA,NA,397.99,6.2,NA,1,NA,44.71,37.98,41.34,97.58,90.75,94.17,0.01,9.94,53.72,66.85,612.43,NA,NA,NA,-2.81341071676004,NA,NA,0.60431596685333,NA,NA,9.65066024686233,0,1,0,0,0,0,0,0,0,0,0,0,0,0,0,0,0,0,0,0,0,0
Camelus dromedarius,805,-115.58817,2.13522575702065,1,1,1,0,0,0,1,1252.0934,2191,472.63934,0.7,34.2,345,NA,NA,224.779,310.65,0.1,400.3775,0.059476766129037,0,0.514031979907788,10.5153052291052,12.4430559836506,12.9807998130825,NA,NA,NA,NA,NA,386.51,10,NA,1,NA,NA,NA,NA,NA,NA,NA,NA,NA,NA,NA,NA,NA,5.2797459809626,NA,-0.02020270731752,2.39789527279837,NA,NA,NA,NA,7.74673295096883,0,1,0,0,0,0,0,0,0,0,0,0,0,0,0,0,0,0,0,0,0,0
Camelus ferus,805,-115.58817,2.13522575702066,1,1,NA,NA,NA,NA,NA,512.641816482356,702.981098753097,88.633967099022,1.03014215383419,20.7982915682329,38.2345074056162,NA,NA,NA,NA,NA,116.970911185995,0.407256506079253,0.553221597766623,-0.190422459509814,2.92496772339579,5.16699071965206,NA,5.2348943645616,6.01821246558614,0.035714285714286,12.2167114758521,NA,109.209956984901,NA,NA,NA,NA,13.7509755473636,-0.77189025561528,6.20141329532493,35.8462191348506,14.8058324570041,25.2303577317083,NA,147.850995808323,176.384377094499,876.033482383377,1332.84173597501,NA,-1.31983819609116,-2.76748979123219,5.39497203961149,NA,1.88894185789359,1.9947056201065,0.730665530465833,3.98273990811179,11.5309248576118,0,1,0,0,0,0,0,0,0,0,0,0,0,0,0,0,0,0,0,0,0,1
Capra hircus,804,-128.86939,3.9167938457224,1,1,1,0,0,1,1,446.488,685,159.02,1,20.8,160,NA,NA,NA,312.45,0.1,155.25,0.055785123966944,0.405465108108164,0.110685122743941,7.71868549519847,NA,11.0103986440189,NA,NA,NA,NA,NA,156,NA,3,1,NA,NA,NA,NA,NA,NA,NA,NA,NA,NA,NA,NA,NA,4.58802402715312,3.85524099132916,2.02551319965428,NA,NA,NA,NA,5.92841824539035,7.59538732913049,0,1,0,0,0,0,0,0,0,0,0,0,0,0,0,0,0,0,0,0,0,0
Cavia porcellus,813,-124.06666,2.38562526963291,1,1,1,0,0,1,0,68.481,76.5,17.52208,5,12,40,NA,NA,2.13,312.15,0.1,67.7475,2.2632021592865,1.23837423104327,-1.33623384228797,4.42902948826922,5.35974166853504,6.46006093665624,NA,6.70073110954781,NA,NA,NA,66.99,NA,2,NA,NA,NA,NA,NA,NA,NA,NA,NA,NA,NA,NA,NA,NA,NA,NA,NA,NA,NA,NA,NA,NA,6.78671706347189,0,0,0,0,0,0,0,0,0,0,0,0,0,0,0,0,0,1,0,0,0,0
Cebus capucinus,805,-136.96867,3.20523866854456,1,1,1,0,0,0,1,1505,2921,521,0.5,54,47.141,NA,NA,NA,NA,0.6,162,0.043997175141243,0,0.780165972522084,5.45371726577573,7.20785987143248,7.88419993367604,7.75980468655472,7.75915507087506,9.93769107310218,11.745295495439,NA,161.06,18.15,NA,2,NA,16.02,1.46,8.74,-74.85,-88.77,-81.81,0.14,216.57,240.5,1382.23,1666.97,NA,-1.04982212449868,-0.462035459596559,3.3057871968575,NA,0.693147180559945,3.92986292355648,1.09861228866811,5.18051148269215,6.32614965204596,0,0,0,0,0,0,0,0,0,0,0,0,0,0,0,1,0,0,0,0,0,1
Ceratotherium simum,805,-132.3793,2.30585181223772,1,1,1,0,1,1,1,2026.12452,1643,365,0.42,45,339.3405,NA,NA,NA,NA,0.1,515,0.009636771928252,0,0.995227157689664,10.8428436224879,12.5226422391395,14.6175121434363,8.24860386388961,14.5922946910239,0.369047619047619,16.3514559391912,NA,534.19,NA,NA,1,NA,9.74,-29.91,-10.08,39.53,12.96,26.25,0.11,60.61,216.38,729.59,1458.59,6.80571147915855,2.94916463773766,2.94443897916644,-0.755022584278033,1.32175583998232,1.2803497268227,2.90306858869057,0.052645315195172,7.63064568797877,5.95583762853216,0,0,0,0,0,0,0,0,0,0,0,0,0,1,0,0,0,0,0,0,0,1
Cercocebus atys,805,-134.52038,2.18024692882862,1,1,1,0,0,0,1,1318.86,1495.52396134305,323.893407173296,1,27,77.4,NA,NA,NA,NA,0.3,167,0.060356100478469,0.004987541511039,0.17326861058738,6.26752307716857,7.37924307180506,9.08000387024818,8.71053711149193,9.34382176335066,0.047619047619048,12.6646535481118,NA,165.08,35,NA,NA,NA,11.49,4.35,7.92,0.66,-15.07,-7.2,0.08,186.09,255.64,1275.43,1555.33,NA,0.306273433894394,-2.47985300569818,2.18041745901984,NA,1.09861228866811,4.365897252744,2.30258509299405,5.18143036206915,5.3890721864374,0,0,0,0,0,0,0,0,0,0,0,0,0,0,0,1,0,0,0,0,0,1
Chinchilla lanigera,805,-136.234253,2.41021002622893,1,1,1,0,1,1,0,240,241.76,54,2,17.166667,34.25,NA,NA,1.31,307.85,0.1,111.735,0.272865773195878,0.521765563804325,-0.670073868079881,3.67046086858992,5.20574650980051,6.18414889093748,6.04500531403601,6.03344586934808,0.011904761904762,10.1061343419096,NA,112.47,NA,6,1,NA,-28.24,-32.54,-30.39,-70.32,-71.71,-71.01,0.04,11.48,72.17,154.67,1160.86,NA,-3.2680294254844,-2.79238041477323,6.8658285077541,4.60517018598809,0,2.93704327720531,0,4.7055741810366,5.79605805471669,0,0,0,0,0,0,0,0,0,0,0,0,0,0,0,0,0,1,0,0,0,1
Chlorocebus aethiops,805,-137.50229,3.3114339171523,1,1,1,0,0,0,1,1318.86,1825,212.74764,1,30.691667,66,NA,NA,NA,309.95,0.4,164.995,0.063847773913895,0,0.17326861058738,5.78657524359634,6.9433637064495,8.53782880501631,8.34711636103872,8.6795671104005,0.107142857142857,13.9519538227714,NA,162.788761760329,NA,NA,NA,NA,19.5,5.71,12.6,43.42,31.64,37.53,0.13,70.92,216.52,804.7,1517.54,NA,-0.619592743233024,-2.44522896364993,3.30920579482649,NA,0.693147180559945,4.00222927331429,1.09861228866811,4.99854817921402,7.17088855537645,0,0,0,0,0,0,0,0,0,0,0,0,0,0,0,1,0,0,0,0,0,1
Chlorocebus sabaeus,805,-134.8058,1.67270694584158,1,1,1,0,0,0,1,1318.86,1825,212.74764,1,30.345833,66,NA,NA,NA,NA,0.4,167.99,0.063847773913895,0,0.17326861058738,5.78657524359634,6.9433637064495,8.53782880501631,8.34711636103872,8.6795671104005,0.083333333333333,14.2323336034292,NA,167.926745840551,NA,NA,NA,NA,16.7,6.19,11.44,-0.11,-17.53,-8.82,0.12,108.99,269.94,868.74,1558.34,NA,-0.684271197128812,-2.41485955348899,2.75648006017369,NA,0,4.04129534113228,1.6094379124341,4.97595610311559,4.27666750790398,0,0,0,0,0,0,0,0,0,0,0,0,0,0,0,1,0,0,0,0,0,1
Chrysochloris asiatica,799,-119.44585,2.43581868977239,0,0,1,0,1,0,0,275.249953602303,633.892275619416,75.26,1.54943137111801,2.408333,10.825,NA,NA,NA,NA,0.1,87.1244580696659,0.166627156296673,1.13783300182139,-0.516475833629554,-0.891598119283784,2.68012578263396,3.60902422886447,4.29848412252823,4.12893428471077,0.035714285714286,10.6374788700756,NA,108.84995729541,1,4,3,NA,-29.33,-34.83,-32.08,21.59,17.02,19.31,0.05,19.96,161.09,331.28,1093.45,NA,-4.59595091982009,-2.82772379769056,6.90775527898214,0,1.88873923309531,3.72689752130146,-0.143705558307049,2.77258872223978,2.83321922639186,1,0,0,0,0,0,0,0,0,0,0,0,0,0,0,0,0,0,0,0,0,1
Condylura cristata,800,-115.64345,2.29995500837637,0,1,1,0,1,1,1,304.16,304,24,1,2.5,12.1325,NA,NA,0.615,310.85,0.2,40,0.127133269415149,1.48613969608961,-0.741239206583882,0.405465108108164,3.40119738166216,3.95412418144678,4.61389273542882,4.04849880941499,0.19047619047619,15.064550651631,NA,40,NA,8,3,NA,56.05,30.15,43.1,-55.61,-100.03,-77.82,0.03,68.07,36.91,534.43,575.53,NA,-5.61132162306206,-5.60664605435374,8.51719119141424,0.405465108108164,0.98759494652699,3.70573657118036,0.202866169602982,3.38274132500523,3.80666471199007,0,0,0,0,0,0,0,0,0,0,0,0,0,0,0,0,0,0,0,1,0,1
Crocuta crocuta,805,-138.07947,2.78178752285888,1,1,1,0,1,1,0,1049.694,639,321.70852,1,41.1,137.9055,NA,NA,NA,NA,0.1,110,0.044126984126983,0.693147180559945,0.197537176570332,7.23705902612474,9.58190392840867,11.0508900053737,9.71587914854421,10.7144177687525,0.333333333333333,16.4879257481793,0,112.33,NA,4,3,NA,18.59,-28.88,-5.14,51.41,-17.53,16.93,0.13,78.32,238.46,822.22,1551.16,6.81673588059497,3.0878555624298,3.98601668533647,-2.12026353620009,NA,-0.706989252911557,3.51333488159901,0,5.81824742371679,6.67456151807704,0,0,1,0,0,0,0,0,0,0,0,0,0,0,0,0,0,0,0,0,0,1
Dasypus novemcinctus,804,-120.27585,2.09022940008986,0,1,1,0,1,0,0,385.35594,365,136.981,1,18.65,50.7895,NA,NA,4.655,307.65,0.1,133,0.06701932889509,1.38629436111989,0.037314451171745,4.19215162222501,7.0959539841188,8.2812201935701,8.73572777924713,8.22357821060663,0.869047619047619,16.7173339214728,0,134,1,4,2,NA,40.84,-31.88,4.48,-34.79,-108.7,-71.74,0.1,132.38,225.09,1181.55,1448.33,NA,-3.2188758248682,-3.50655789731998,3.01406323023871,NA,0.76184738095631,3.42328497812616,0.168594148856384,5.05223061992135,6.41345912110177,0,0,0,0,0,1,0,0,0,0,0,0,0,0,0,0,0,0,0,0,0,1
Delphinapterus leucas,804,-121.90408,1.22965986878034,1,0,0,1,1,1,1,1710.80756,2283,687.8536,0.33,34.266667,442.4915,NA,NA,NA,308.95,0.2,412.52992,0.016098260869566,0.01980262729618,1.01104074026631,11.0974100210086,13.6291285489138,14.1375940571334,9.81789317424395,14.5922946910239,0.166666666666667,16.0899469747857,NA,394.24,10,NA,3,NA,13.392443676159,-0.073051984096421,6.20141329532493,35.8462191348506,14.8058324570041,25.2303577317083,NA,149.130830146975,182.407936412387,872.957446066729,1320.90771613497,NA,2.09910099107285,-2.41955844634017,-0.777806598696762,NA,1.75270356698151,1.62331831579392,0.681392367910692,7.57942740047464,7.10085199138428,0,0,0,1,0,0,0,0,0,0,0,0,0,0,0,0,0,0,0,0,0,1
Desmodus rotundus,804,-123.64353,3.64559294553788,1,1,1,0,1,0,0,285,285,274,1.26,29.108333,8.55,NA,NA,0.194,308.15,0.1,189,0.303797468354431,0,-0.234241872981752,2.07944154167984,3.16308330275135,3.5019472847623,4.83996231476313,3.50599969994712,0.845238095238095,16.6905722528934,0.5,209.35,NA,NA,3,NA,28.12,-34.94,-3.4,-34.79,-110.9,-72.84,0.1,130.09,216.33,1157.17,1460.68,NA,-1.88518383758751,-2.79430282950533,5.52334697791046,3.44998754583159,0.919604080947108,3.36176331241675,0.218220597511432,3.95802524207666,6.20859022730385,0,0,0,0,1,0,0,0,0,0,0,0,0,0,0,0,0,0,0,0,0,1
Dipodomys ordii,740,-116.23534,1.40587049285013,1,1,1,0,1,0,0,78.82924,114.937456713861,34.19634,2,9.816667,15.696,NA,NA,0.339,307.75,0.4,29.45541,0.634445564516131,1.14740245283754,-0.937912251352248,1.60843741210052,3.08308437979681,3.90399083373088,3.78334675073269,4.03069453514564,0.19047619047619,15.04507257191,NA,29.69,NA,NA,2,NA,50.58,19.31,34.94,-96.78,-121.63,-109.2,0.07,31.17,111.41,455.71,954.44,NA,-5.41689236572476,-5.34774524401338,5.6937321388027,NA,1.28094040762703,2.65955999194178,-0.058199986999304,3.72720222923532,4.66344003750785,0,0,0,0,0,0,0,0,0,0,0,0,0,0,0,0,0,1,0,0,0,1
Echinops telfairi,798,-119.269378,2.53335001688279,0,0,1,0,1,0,0,278.42,365,29,1,13,17,NA,NA,0.75,307.85,0.2,56.4142,0.253473589164784,1.70292825552144,-0.442266012757567,2.03731661537916,3.91202300542815,5.11274051703341,4.97968389883344,4.84507350221419,0.023809523809524,11.6173229768388,8.5,62.54,NA,NA,3,NA,-19.69,-25.47,-22.58,46.68,43.22,44.95,0.19,57.94,236.45,801.62,1666.89,NA,-3.2136843797783,-2.8944099228174,5.77250965157165,0,0.693147180559945,2.71071331852169,1.09861228866811,3.93790475899034,4.26268128549103,1,0,0,0,0,0,0,0,0,0,0,0,0,0,0,0,0,0,0,0,0,1
Elephantulus edwardii,798,-121.14727,1.20841603307802,0,1,1,0,0,0,1,72.2175125474484,633.056819999413,27.28,2.09394630433173,5.658333,14.943,NA,NA,0.303,310.75,0.1,103.724363427764,0.485943568552658,0.587786664902119,-0.696111330606384,2.47653840011748,3.32840494747826,3.90901849640785,4.59152294796677,3.76728230259307,0.071428571428571,12.1745739902074,0,110.226940098548,2,NA,NA,NA,-28.97,-34.21,-31.59,26.31,16.87,21.59,0.09,22.65,161.2,374.09,1043,NA,-4.59288063955639,-2.8423006316826,7.29329655244881,NA,0,3.42946084693501,0,4.08444610848281,2.77259497222025,0,0,0,0,0,0,0,0,0,0,0,1,0,0,0,0,0,0,0,0,0,1
Enhydra lutris,805,-150.46164,3.38033302836669,1,1,0,1,0,1,1,659.435,1369,175.30786,0.83,19,34.9,NA,NA,98.479,310.65,0.2,178.0478,1.67994815796449,0,-0.000684694349687,7.55442387162048,9.43673822231057,6.84933135884442,9.97580821411575,10.3981837943722,0.047619047619048,14.5215988876613,0,238,NA,2,2,NA,13.8705236056736,-0.78591806927506,6.20141329532493,35.8462191348506,14.8058324570041,25.2303577317083,NA,149.519354220933,180.92937463295,855.455443961287,1319.16308794141,5.2040066870768,1.23256026117785,1.28923264827676,1.86562931779451,NA,1.82277676941745,1.87221200910492,0.492346244189757,5.63254518865944,6.40025761142176,0,0,1,0,0,0,0,0,0,0,0,0,0,0,0,0,0,0,0,0,0,1
Eptesicus fuscus,799,-123.85228,2.54823044213474,1,1,1,0,1,0,0,471.145,730,34.18,1,19,7.5,NA,NA,0.113,309.15,0.1,39.285,0.397986333236404,0.654925967739748,-0.000684694349687,1.2683550632552,2.72129542785223,2.84461864388423,4.12328728907464,2.97011988343455,0.5,16.3647118828827,1.5,52.14,NA,NA,3,NA,60.21,2.09,31.15,-59.42,-126.58,-93,0.06,63.98,115.12,649.12,941.91,NA,-1.98405240091819,-2.77641009068258,6.29733762426108,3.91202300542815,0.9539193474355,3.76491414038993,0.074949803194178,3.60998672572385,7.30787284778783,0,0,0,0,1,0,0,0,0,0,0,0,0,0,0,0,0,0,0,0,0,1
Equus asinus,783,-126.31077,1.92877540945313,1,1,1,0,1,1,1,708,1005,152.2,NA,47,200,NA,NA,164.92,NA,0.1,360.32973,NA,0,0,10.2836345107796,10.3889953683178,12.0508750845807,NA,NA,NA,NA,NA,367,NA,NA,NA,NA,NA,NA,NA,NA,NA,NA,NA,NA,NA,NA,NA,NA,4.93942568173946,NA,1.11841491596429,NA,NA,NA,NA,NA,13.9216763569245,0,0,0,0,0,0,0,0,0,0,0,0,0,1,0,0,0,0,0,0,0,0
Equus caballus,805,-124.52821,2.65136996096148,1,1,1,0,1,1,1,914,973,274,1,57,280,0.0002,4,NA,311.45,0.1,337.4925,0.151599999999995,0,0.4052369287439,10.5427063910705,NA,12.4292161968444,NA,13.0170028617465,NA,NA,0,338.97,NA,2,1,NA,NA,NA,NA,NA,NA,NA,NA,NA,NA,NA,NA,6.60976694567495,2.74855214441154,2.79239134953596,NA,NA,NA,NA,NA,NA,12.7889617374323,0,0,0,0,0,0,0,0,0,0,0,0,0,1,0,0,0,0,0,0,0,0
Equus przewalskii,805,-124.52821,2.65136996096148,1,1,NA,NA,NA,NA,NA,607.253834121266,702.981098753097,97.8980416042798,1.17133851574184,14.2615845575603,37.8598332443141,NA,NA,NA,NA,NA,110.118295556537,0.407256506079253,0.637582752499262,-0.102132590219622,2.92496772339579,5.16699071965206,NA,4.86304587552025,6.01821246558614,10.1651597384621,11.9605492648582,NA,108.831060313893,NA,NA,NA,NA,13.0429325854209,-0.70590378141718,6.20141329532493,35.8462191348506,14.8058324570041,25.2303577317083,NA,127.73878119206,171.409388948174,865.347771404715,1345.27805271463,NA,-1.31983819609116,-2.77613211331396,4.83870408160983,NA,1.90004312420361,1.9356402004498,0.643000167806986,4.01374624875587,5.39816315400634,0,0,0,0,0,0,0,0,0,0,0,0,0,1,0,0,0,0,0,0,0,1
Erinaceus europaeus,804,-119.084315,1.70687221402352,1,1,1,0,1,0,0,265.8,253,41.70366,1.58,11.641667,26.8585,NA,NA,2.434,307.15,0.3,33.03377,0.133874814576772,1.43983512804792,-0.648349230977826,2.74855214441154,5.45958551414416,6.65666225476097,6.54558008524888,6.49978704065585,0.285714285714286,15.1528864597494,NA,36.98,NA,9,2,NA,69.9,37.67,53.78,39.87,-9.11,15.38,0.003527323,54.11,60.39,431.18,476.38,NA,-2.52572864430826,-2.65926003693278,4.81218435537242,NA,-0.582163349575601,4.5071162455127,0,4.24849524204936,6.5778614968031,0,0,0,0,0,0,0,0,0,1,0,0,0,0,0,0,0,0,0,0,0,1
Eumetopias jubatus,806,-126.76689,3.1937131480631,1,1,0,1,1,1,0,1803.125,2420,351,1,30,297.1355,NA,NA,NA,NA,0.1,291.025,0.048697049965394,0,-0.000684694349687,9.83226004324776,11.5769325949445,12.8543968696354,12.5172270741671,13.8155105579643,0.095238095238095,15.7216571399059,0,342.1,NA,NA,2,NA,13.6601733378642,-0.49120393487848,6.20141329532493,35.8462191348506,14.8058324570041,25.2303577317083,NA,148.630995584727,181.150199570441,857.031599453234,1321.18767547789,NA,1.36862138793379,-2.42070520194044,-0.441966914918666,NA,1.64687280187362,1.68503701859212,0.577431988844814,7.00818642103818,6.55393354647594,0,0,1,0,0,0,0,0,0,0,0,0,0,0,0,0,0,0,0,0,0,1
Felis catus,807,-129.12293,1.54647277595753,1,1,1,0,1,1,1,304,304,81.505,2.02,19,62.4255,NA,NA,NA,311.25,0.1,64.5,0.166040962764701,1.30562645805244,-1.02443099634523,4.62369749060197,6.45660480682052,8.42794221749148,NA,NA,NA,NA,NA,62.99,NA,NA,NA,NA,NA,NA,NA,NA,NA,NA,NA,NA,NA,NA,NA,NA,0.343589704390077,0.418710334858185,1.24415459395877,NA,NA,NA,NA,NA,7.78113855159867,0,0,1,0,0,0,0,0,0,0,0,0,0,0,0,0,0,0,0,0,0,0
Globicephala melas,804,-116.2425,1.81668399013147,1,0,0,1,1,1,0,2472.01192,4380,725.515,0.2428571,49.783333,709.2875,0.015,10,NA,NA,0.2,451.7257,0.025125858099719,0,1.19487163778162,11.6052037805885,13.5415396934025,13.8737794660882,9.96946710126534,14.5922946910239,0.226190476190476,18.7062104077881,NA,479.06,NA,NA,3,NA,11.7373409993319,0.542105078136557,6.20141329532493,35.8462191348506,14.8058324570041,25.2303577317083,NA,148.606583610525,182.935324108729,882.370209234058,1307.87508735423,NA,2.44221110857526,-2.34335244166166,-0.835404741508592,NA,1.78674890047365,1.71039357796005,0.599743747480054,8.07539917629912,5.87493101175087,0,0,0,1,0,0,0,0,0,0,0,0,0,0,0,0,0,0,0,0,0,1
Gorilla gorilla,805,-133.78014,2.26214312014072,1,1,1,0,0,0,1,2829,4015,834,0.3,50.2,167.222,NA,NA,NA,308.65,0.2,256.5,0.00494953472434,0.004987541511039,1.35352507250274,7.63626960337937,9.44105518878671,11.7457460424666,9.34836953370456,11.805595078933,0.071428571428571,13.4538472637307,NA,257,6,NA,2,NA,7.82,-6.05,0.88,17.05,8.69,12.87,0.07,152.88,242.43,1291.11,1502.69,8.56578905099547,1.39376637595859,1.92983110842014,-0.527632742082372,2.30258509299405,-0.233485258233096,2.63260800593535,0,6.07215748958248,7.3670771230522,0,0,0,0,0,0,0,0,0,0,0,0,0,0,0,1,0,0,0,0,0,1
Heterocephalus glaber,805,-137.113077,2.28344852292439,1,1,1,0,1,1,1,228,254.43489794475,35.80506,3.5,16,11.0805,NA,NA,0.128,305.25,0.1,70,1.7363,2.19165353228676,-1.504899084269,0.662687973075237,2.39789527279837,3.55534806148941,4.44384108114926,3.53977431359212,0.095238095238095,14.1154305119567,29,70.49,NA,NA,1,NA,11.98,-3.07,4.45,51.41,36.27,43.84,0.08,34.35,239.05,520.98,1660.98,NA,-5.4690743712927,-5.53289023437572,9.31470038730042,5.19295685089021,0,2.83673654206353,0,3.49579430000547,6.13339825991636,0,0,0,0,0,0,0,0,0,0,0,0,0,0,0,0,0,1,0,0,0,1
Hipposideros armiger,806,-142.58683,1.75992281210158,1,1,1,0,1,0,0,375.821149136517,677.271164270358,78.6634180129647,1.94560613960662,10.3454499076402,14.3838291799307,NA,NA,NA,NA,0.1,110.299642810461,0.301807998713465,0.179300453588872,0.051437506668813,1.81142224167974,3.73396783102327,3.91182298542548,3.73766961828337,3.80666248977032,0.464285714285714,15.3141083298877,NA,108.68486395958,NA,NA,3,NA,33.01,1.26,17.13,122.13,77.88,100.01,0.08,143.35,185.89,1069.98,1300.83,NA,-1.99997487312992,-2.80908138892006,5.65680924759208,NA,0,5.34591634534732,2.19722457733622,3.99968940039461,4.09434622888738,0,0,0,0,1,0,0,0,0,0,0,0,0,0,0,0,0,0,0,0,0,1
Hylobates moloch,805,-131.90707,1.23270192039907,1,1,1,0,0,0,1,2849.06286,1825,600.50228,0.475,40,63.5,NA,NA,NA,NA,0.3,230,0.024852212981946,0,0.852663317685898,5.7571810513809,6.97541392745595,8.70754905323851,8.92637076052115,8.69071924796726,0.023809523809524,10.5772472745021,NA,241.2,2.15,NA,2,NA,-6.49,-7.52,-7,110.41,106.6,108.51,0.06,211.91,238.25,1601.11,1755.37,NA,-2.12026353620009,-1.77195684193188,1.8213182714696,NA,6.3456363608286,7.13045072991437,6.3456363608286,5.18052020835526,4.18965625717679,0,0,0,0,0,0,0,0,0,0,0,0,0,0,0,1,0,0,0,0,0,1
Jaculus jaculus,805,-133.77263,1.56485694131374,1,1,1,0,1,0,0,326.88264,137,51,1.5,6.741667,10.218,NA,NA,0.515,310.65,0.2,38,0.169337979094077,1.17557332980424,-1.38834987223614,0.693147180559945,2.99573227355399,4.05004430332552,4.57928588082305,3.97548837804003,0.273809523809524,15.9087830842451,38,33.54,NA,NA,NA,NA,37.34,10.73,24.04,59.83,-17.1,21.36,0.11,12.16,239.89,178.89,1327.53,NA,-3.22608819861442,-2.84865259648326,5.3128587539667,NA,1.50550286175062,3.07454345397828,-0.070210030586708,3.44313179414545,4.00733500341264,0,0,0,0,0,0,0,0,0,0,0,0,0,0,0,0,0,1,0,0,0,1
Lagenorhynchus obliquidens,804,-115.762468,2.4018900428334,1,0,0,1,1,1,1,3833.468,3908.42090610745,591.018085749334,0.212766,30.691667,265.331,NA,NA,NA,NA,0.2,319.505,0.028919650485436,0,1.33365654500429,9.5468126085974,9.81053932844109,11.5424842672118,10.5539613871766,12.399123987884,0.095238095238095,16.5428759885822,NA,319.01,NA,NA,3,NA,11.4542800828431,0.456649023717086,6.20141329532493,35.8462191348506,14.8058324570041,25.2303577317083,NA,149.274210725284,182.244041808574,879.374134904069,1313.86937938853,NA,0.338314921911657,-2.56939421760897,-0.985893084193679,NA,1.69998974276227,1.75471304677625,0.605723541388673,7.12024068575368,4.4067204667757,0,0,0,1,0,0,0,0,0,0,0,0,0,0,0,0,0,0,0,0,0,1
Lipotes vexillifer,804,-122.5645,2.09499742349351,0,0,0,1,0,0,1,3144.583,3245.54001742645,372.1750680388,0.635,23.229167,210.086,NA,NA,NA,NA,0.1,319.237,0.075258727431313,0,0.692462486210258,9.35818262402039,9.21140780206992,11.4908757468555,10.3872001590731,11.6181613192447,0.011904761904762,10.1707524771949,NA,319.37,4,NA,3,950,13.7935385735906,-0.812775401580348,6.20141329532493,35.8462191348506,14.8058324570041,25.2303577317083,NA,146.482760970735,178.157171824914,905.239030068167,1326.90473801419,NA,1.44493835815187,-2.5673736337885,-0.4704097435466,NA,1.76519825608077,1.66477422106722,0.796535707931069,6.81778680682034,4.04305302221898,0,0,0,1,0,0,0,0,0,0,0,0,0,0,0,0,0,0,0,0,0,1
Loxodonta africana,800,-120.63379,1.49866707847711,0,1,1,0,1,1,1,4253.80718,3650,1088.8,0.21,65,750,0.002,8,NA,309.35,0.1,669.84,0.0049,0,1.54191067138595,11.5617156291397,13.3046849341983,15.3195879547405,10.7425174415138,15.2891287472558,0.345238095238095,15.0189787076265,0,660,19.5,2,1,NA,16.36,-33.56,-8.6,41.93,-13.9,14.01,0.15,83.39,231.48,910.08,1531.04,NA,6.37592730854439,7.15780557525142,1.90508815453506,NA,-0.620478521743302,2.94601668130806,0,7.08893451691159,7.40671079089409,0,0,0,0,0,0,0,0,0,0,0,0,0,0,0,0,1,0,0,0,0,1
Lynx canadensis,805,-126.7261,2.31481857172435,1,1,1,0,1,0,0,535.6736,573,152,1,26.766667,80.615,NA,NA,NA,NA,0.2,63,0.067207693626443,1.16002091679675,-0.000684694349687,5.31811999384422,7.75910094902703,9.17810846015857,9.50954881996515,9.36155334929448,0.202380952380952,15.9351288209675,14,62.5,NA,NA,3,NA,70.56,37.09,53.82,-52.63,-162.94,-107.79,0.04,43.45,-31.76,322.76,386.88,NA,3.42100000895834,3.49012359085656,-2.99573227355399,NA,1.37005326329078,1.19694818938897,-0.141853415717235,5.31110393346737,5.40267783232263,0,0,1,0,0,0,0,0,0,0,0,0,0,0,0,0,0,0,0,0,0,1
Lynx pardinus,805,-131.26383,3.92195674151735,1,1,1,0,1,0,0,705.468919881176,629.917038777297,114.044383616787,1.20906437639314,11.283333,103.004,NA,NA,NA,NA,0.1,67.94762,0.271654207388071,0.916290731874155,-0.150507595912765,5.70730142775303,6.93502701692053,9.232590980911,9.42805454681718,9.79755598697688,0.023809523809524,7.08312915171628,NA,69.44,NA,NA,3,NA,43.05,36.84,39.94,2.43,-8.26,-2.91,-0.003119629,48.41,133.69,474.5,972.28,NA,1.97269117173296,1.97408102602201,-1.13943428318836,NA,1.6094379124341,3.61037722595898,2.30258509299405,4.35269291905358,5.4930618548631,0,0,1,0,0,0,0,0,0,0,0,0,0,0,0,0,0,0,0,0,0,1
Macaca fascicularis,805,-132.40486,2.50165565851454,1,1,1,0,0,0,1,1278.75,1544,262.765,0.93,37.55,52.15,NA,NA,NA,310.75,0.3,165,0.066021508670874,0,0.127033601378996,5.78191566805954,6.74674109913348,8.42711967631805,8.18535022317869,8.58204416373585,0.488095238095238,14.8077108081748,NA,164.69,27,NA,2,NA,18.65,-10.37,4.13,127.3,95.18,111.24,0.12,219.05,249.22,1553.06,1719.8,NA,-0.776528789498996,-0.324165511283347,3.91182298542548,3.16124671203156,0,5.08357591849797,1.38629436111989,5.11370187134649,8.69884787590027,0,0,0,0,0,0,0,0,0,0,0,0,0,0,0,1,0,0,0,0,0,1
Macaca mulatta,805,-133.81494,1.40198263438286,1,1,1,0,0,0,1,1231,2007,292,1,34.633333,65.95,0.02,15,NA,310.45,0.4,165,0.071596613244632,0,0.127093874949691,6.16023638635485,7.28207365809346,8.79694389354174,8.58279364850019,9.12254687102551,0.452380952380952,15.8321883048375,NA,166.07,38.5,NA,1,NA,36.45,13.69,25.07,122.13,71.21,96.67,0.08,117.36,168.8,902.19,1218.04,NA,1.77664583141801,1.97006216811015,2.40694510831829,3.88977739648083,-0.400553500078626,5.48844173540501,1.38629436111989,5.25969206970871,9.23112292095303,0,0,0,0,0,0,0,0,0,0,0,0,0,0,0,1,0,0,0,0,0,1
Macaca nemestrina,805,-134.48797,3.13145258840757,1,1,1,0,0,0,1,1226.61352,1095,324,0.85,34.3,64.95,NA,NA,NA,NA,0.4,172,0.052341126786867,0,0.103391429279073,6.14889555505681,7.25594431927057,8.9363494794541,8.60483770126828,9.11294802596753,0.166666666666667,14.1278247039121,NA,171,22.6,NA,1,NA,10.98,-4.89,3.04,119.26,96.87,108.07,0.15,244.98,246.69,1680.5,1732.21,NA,0.559615787935423,0.918597029951863,2.94021956362373,NA,0,4.21346004311226,1.38629436111989,5.06819761014942,7.19443692617541,0,0,0,0,0,0,0,0,0,0,0,0,0,0,0,1,0,0,0,0,0,1
Mandrillus leucophaeus,805,-135.71201,1.53448396063447,1,1,1,0,0,0,1,1730.2866,1834.27122869783,486.976,0.65,33.4,73.2,NA,NA,NA,NA,0.5,179.11,0.03087686481065,0,0.274692527412406,6.64898455002478,8.51427626915673,9.69594972106474,9.90348755253613,10.817315425616,0.047619047619048,10.694207094073,NA,179.22,17,NA,2,NA,7.22,3.2,5.21,11.41,7.93,9.67,0.1,203.29,242.78,1219.88,1533.71,NA,0.998912316535029,-2.51939585553319,2.63261340484442,3.11351530921037,1.94591014905531,4.51349339741619,2.30258509299405,5.24054539207571,4.02535347644784,0,0,0,0,0,0,0,0,0,0,0,0,0,0,0,1,0,0,0,0,0,1
Manis javanica,805,-147.42682,2.67157889679077,1,1,1,0,1,0,0,755.15,703.578946448373,251.29207505181,1,6.075,59,NA,NA,NA,NA,0.1,134.234572268594,-0.051690502867365,0,-0.000684694349687,6.02716307093194,6.71143325449741,8.42087059929547,8.45741122398322,8.51320318409318,0.404761904761905,14.6567115478049,NA,108.672335708607,NA,2,3,NA,21.59,-8.96,6.31,119.21,94.19,106.7,0.12,206.16,247.19,1422.94,1663.51,NA,-2.60932856438826,-2.64592636373405,2.19295867714148,NA,0,4.95878043855398,1.38629436111989,4.07161477100887,4.07753913881954,0,0,0,0,0,0,0,0,0,0,0,0,0,0,1,0,0,0,0,0,0,1
Marmota flaviventris,817,-126.13068,2.13732985953139,1,1,1,0,0,0,1,816.59788,730,26.37902,0.97,21.125,50.59,NA,NA,8.626,309.65,0.3,30.0975,0.039240009380736,1.49065437644413,0.224374824985578,3.52046080248897,6.17134562836258,8.21871437667284,8.35926198975945,8.33338664728872,0.202380952380952,14.3568207995032,NA,30.39,NA,10,1,NA,51.12,34.21,42.67,-100.84,-122.97,-111.9,0.08,30.39,59.47,365.04,793.12,5.87893953876611,-4.60517018598809,-4.60517018598809,1.93152141160321,NA,1.65504924161318,1.97269117173296,-0.186535004139216,4.70953020131233,5.33753856047043,0,0,0,0,0,0,0,0,0,0,0,0,0,0,0,0,0,1,0,0,0,1
Marmota marmota,817,-124.3886,1.4170381301229,1,1,1,0,0,0,1,827.69,730,48.2,1,17.391667,60,NA,NA,NA,NA,0.3,35.20753,0.035603028571429,1.43270073393405,0.9164276145053,3.39249294103201,6.34156908939326,8.1605182474775,7.94715987614249,8.07956024083994,0.083333333333333,12.2692560113576,NA,35.22,NA,NA,1,NA,50.05,42.26,46.15,20.78,-0.84,9.96,0.03,83.37,46.67,580,628.2,7.13171449754935,-4.60517018598809,-4.60517018598809,6.36904445172661,NA,2.30258509299405,4.79032106979221,2.63905732961526,4.53357207589678,5.13579902528538,0,0,0,0,0,0,0,0,0,0,0,0,0,0,0,0,0,1,0,0,0,1
Mastomys coucha,806,-122.69085,3.17848673716492,0,0,1,0,1,0,0,86.6046015827254,670.764599554585,38.3326093448131,3.56,2.908333,17,NA,NA,NA,NA,0.3,57.7936080994022,1.11644140494332,2.07442899985629,-2.32431151159063,0.751416088683921,2.98906933645964,3.98545932350133,4.55523529374671,4.29622604502807,0.119047619047619,14.0555097874209,NA,108.706970365201,NA,NA,NA,NA,-17.94,-34.21,-26.07,32.79,16.91,24.85,0.1,47.2,176.25,635.68,1253.74,NA,-3.2408337614832,-2.83784307727554,6.41406687448204,NA,-0.323711734795786,3.52223437670499,0,3.43636689040257,5.05624644229078,0,0,0,0,0,0,0,0,0,0,0,0,0,0,0,0,0,1,0,0,0,1
Mesocricetus auratus,805,-129.49766,1.49093743232609,1,1,1,0,1,0,0,48,48,20.505,3.75,3.9,18,NA,NA,0.69,311.25,0.4,16,0.723132142857144,2.1621729392773,-2.28873456563673,0.845868267577609,3.13244609686981,4.65396035015752,4.35522746708902,4.68213122712422,0.011904761904762,8.45621234145106,NA,15.49,NA,NA,2,NA,42.1,31.43,36.76,51.88,28.72,40.3,0.08,41.84,107.7,395.58,1044.97,NA,-3.22460826717992,-2.85470656909227,7.3241047605018,NA,2.07944154167984,4.49691660054784,3.36729582998647,3.3761476052946,7.78488933725244,0,0,0,0,0,0,0,0,0,0,0,0,0,0,0,0,0,1,0,0,0,1
Microtus ochrogaster,804,-133.864089,1.36158610487467,1,1,1,0,1,1,1,47,114.937456713861,20.39212,4,5.3,12.4435,NA,NA,0.41,311.05,0.2,22.76132,0.982955032119918,1.33500106673234,-2.64248551914779,1.10525683138678,2.8142103969306,3.84374416467485,4.50264850489075,3.70789325575289,0.214285714285714,14.9920256420152,8.25,21.5,2.75,6,2,NA,55.99,29.07,42.53,-80.93,-116.34,-98.63,0.02,53.29,82.89,612.3,753.87,NA,-8.27419211235212,-8.0838600299656,9.1039337537883,NA,1.34536466481348,3.18511219471539,0.100228226916286,3.48093234968101,7.17472438640605,0,0,0,0,0,0,0,0,0,0,0,0,0,0,0,0,0,1,0,0,0,1
Miniopterus natalensis,804,-123.95612,1.26742558563062,1,1,1,0,1,0,0,666.44,730,60.19,1,14,6,NA,NA,NA,NA,0.1,113.44,0.254421099687081,-0.005012541823544,-0.000684694349687,1.05082162483176,2.52572864430826,2.41457359494209,4.11002210959097,2.47529316878091,0.285714285714286,15.1472160853448,NA,126.88,NA,NA,3,NA,13.3397722904594,-0.735609138030386,6.20141329532493,35.8462191348506,14.8058324570041,25.2303577317083,NA,149.77488460099,182.109769454074,867.209295578285,1329.14757833395,NA,-3.2136843797783,-2.71765247062681,5.10486900042421,NA,1.86009590202117,2.09418567156478,0.583173456013679,3.1467906896465,3.04452719961685,0,0,0,0,1,0,0,0,0,0,0,0,0,0,0,0,0,0,0,0,0,1
Monodelphis domestica,806,-108.70793,3.49306347909682,1,1,1,0,1,0,0,137.1,122,51.245,4,5.55,16.955,NA,NA,0.335,305.75,0.5,14.8875,0.0342,2.19722457733622,-1.93501827149738,-2.3538783873816,3.02771531940704,4.60517018598809,4.49980967033027,4.60517018598809,0.19047619047619,15.2293350400413,NA,14.55,1,NA,3,NA,-2.1,-26.16,-14.13,-34.79,-63.51,-49.15,0.07,106.53,229.86,1100.4,1394.65,NA,-4.50992105457583,-2.83545844799337,5.99146454710798,NA,1.43374731971487,4.06508738115498,0.338925578179276,2.19611284848353,7.13409380093768,0,0,0,0,0,0,0,1,0,0,0,0,0,0,0,0,0,0,0,0,0,1
Monodon monoceros,804,-121.90408,1.22965986878034,1,0,0,1,1,1,1,2191.392,2922,608,0.33,45,564.6265,NA,NA,NA,NA,0.2,450,0.028141197177693,0,0.9164276145053,11.289781913656,13.3636360343461,13.7516399737072,9.57729861402177,14.5922946910239,0.05952380952381,15.0607755470593,NA,441.04,14,NA,3,NA,13.4709531239679,-0.768149312199567,6.20141329532493,35.8462191348506,14.8058324570041,25.2303577317083,NA,149.115687897106,181.626197780939,871.580861220559,1315.37298639442,NA,2.50535636784701,-2.41364170996302,-0.404632456715874,NA,1.82651853773042,1.60098308329582,0.709942775837137,7.33830537347643,5.59098735364512,0,0,0,1,0,0,0,0,0,0,0,0,0,0,0,0,0,0,0,0,0,1
Muntiacus muntjak,805,-130.42953,2.7730468678373,1,1,1,0,1,1,1,272,332,60.936,1.35,17.6,115.7495,NA,NA,NA,NA,0.2,210,0.117559436711847,0.157003748809665,-0.415785116683722,7.17839291682466,8.70396777775648,9.77631248702257,9.86831407682107,10.1115396320032,0.214285714285714,14.2176139000891,NA,210,NA,NA,1,NA,32.36,-8.78,11.79,119.66,72.05,95.86,0.1,150.35,224.08,1094.18,1471.74,NA,1.23344424989587,-2.72409106686306,1.13783300182139,NA,0.256155653981334,5.46599049033617,1.79175946922805,5.70608046361285,4.89784054621929,0,1,0,0,0,0,0,0,0,0,0,0,0,0,0,0,0,0,0,0,0,1
Mus caroli,805,-115.33658,2.53240320810973,0,0,1,0,1,0,0,53.355,42,21.91392,4.57,4,9.5,NA,NA,NA,NA,0.3,20.3,1.77807305630027,1.75871961514985,-2.49938471296865,0.22314355131421,2.19165353228676,2.92584614608982,2.64776016378553,2.72785282839839,0.345238095238095,14.4261714728251,NA,18.1,NA,NA,NA,NA,25.29,8.55,16.92,122,99.15,110.57,0.09,142.69,227.66,1142.17,1464.53,NA,-3.22608819861442,-2.85964533753289,6.2953186150731,NA,0.693147180559945,5.23946929073883,2.30258509299405,3.24790135629156,4.51086060541734,0,0,0,0,0,0,0,0,0,0,0,0,0,0,0,0,0,1,0,0,0,1
Mus musculus,805,-111.53614,2.31041657581004,0,0,1,0,1,0,0,53.355,42,21.91392,4.57,5,9.5,0.01,0.3,0.271,310.05,0.3,19.3,1.69145731707318,1.80335860507141,-2.49938471296865,0.22314355131421,2.19165353228676,3.02042488614436,3.42215884685284,2.72785282839839,0.94047619047619,18.2966056891427,NA,19.6,NA,10,3,NA,11.6593944956289,0.560050655742924,6.20141329532493,35.8462191348506,14.8058324570041,25.2303577317083,NA,148.600210507452,185.902214294873,863.620556571431,1311.31335818116,NA,-7.56901627067976,-7.39024939053582,8.51349235174922,NA,1.71320819348402,2.13329164538116,0.475965715830253,3.09058780456667,8.96213540288383,0,0,0,0,0,0,0,0,0,0,0,0,0,0,0,0,0,1,0,0,0,1
Mus pahari,805,-127.82064,3.35414324983958,0,0,1,0,1,0,0,341.849387707257,677.271164270358,57.5935064405752,1.44920996652995,4.04110089999945,11.9351749362629,NA,NA,NA,NA,0.3,101.562855785361,0.478536761874455,1.02197728806047,-0.202347335973436,1.26384308777849,3.23720044120375,3.24765762629365,3.55521641915748,3.29875491558425,0.285714285714286,14.3362159178373,NA,108.643257260856,NA,NA,NA,NA,28.57,11.56,20.07,108.19,88.32,98.26,0.09,150.15,187.61,1075.4,1367.96,NA,-1.99997487312992,-2.82916487188301,5.95767681546848,NA,0,4.26197540360605,1.38629436111989,3.9716908841212,3.13549856374578,0,0,0,0,0,0,0,0,0,0,0,0,0,0,0,0,0,1,0,0,0,1
Mustela erminea,805,-144.72379,1.64612361926099,1,1,1,0,1,0,0,94.98016,365,45.34964,1,11.141667,27.0325,NA,NA,1.276,312.75,0.4,43.13087,0.14081845372972,1.91028297141216,-0.000684694349687,0.832909122935104,3.27978275977172,4.70347587477221,5.63336121279291,5.78074351579233,0.476190476190476,17.5407862444182,35.1,66.35,NA,10,3,NA,83.62,18.16,50.89,179.96,-180,-0.01,0.007507659,38.17,-28.22,320.6,403.21,4.65396035015752,-2.20727491318972,-2.20727491318972,1.83258146374831,NA,0.897910901663746,3.29805662274264,-0.647995256303241,3.71178796812179,6.30261915889507,0,0,1,0,0,0,0,0,0,0,0,0,0,0,0,0,0,0,0,0,0,1
Mustela putorius,805,-158.74616,2.72995450112676,1,1,1,0,1,1,1,310.25,322,54.39,1.26,11.1,40.946,NA,NA,NA,NA,0.4,41.745,0.113633621755254,2.03861954715958,-0.621192688337718,2.2512917986065,4.5908924720678,6.69579891705849,6.74103181405584,6.85118492749374,0.30952380952381,15.6091098192983,29.08,41.49,NA,NA,3,NA,65.74,29.72,47.73,64.15,-9.49,27.32,0.00550864,50.81,63.88,429.74,545.68,4.24849524204936,-0.63487827243597,-0.616186139423817,-0.186329578191493,NA,-0.297282058223255,4.55786891287008,0.693147180559945,4.08146416156765,7.03438801802123,0,0,1,0,0,0,0,0,0,0,0,0,0,0,0,0,0,0,0,0,0,1
Myotis brandtii,799,-113.39174,3.28013247469604,1,1,1,0,1,0,0,1676.86484277785,646.845604901166,79.6432675401553,0.895399301278954,41,10.6701572965689,NA,NA,NA,NA,0.1,96.1525251587261,0.553050363154631,0.382321467073926,-0.002511568769643,0.468691488954691,2.53857931667753,1.94591014905531,3.03913686882041,2.14582651140568,0.333333333333333,15.8521868033023,NA,109.369947675495,NA,NA,NA,NA,66.02,36.01,51.02,143.94,-9.49,67.22,0.01,45.44,42.96,412.53,528,NA,-0.773608688492885,-2.80153595514923,5.81385912860637,NA,-0.410732164902877,4.30703365563245,0,3.99997921048245,3.87120309423905,0,0,0,0,1,0,0,0,0,0,0,0,0,0,0,0,0,0,0,0,0,1
Myotis davidii,799,-118.87952,3.26900838610801,1,1,1,0,1,0,0,365,456,99.5306995577671,1,11.5,5,NA,NA,NA,NA,0.1,113.410250006083,0.39906855157732,0,-0.000684694349687,0.504066428504957,1.97151703334984,1.66770682055808,3.89295374284873,2.44622231611924,0.226190476190476,15.2299175235111,NA,108.431094978308,NA,NA,NA,NA,13.3501093520551,-0.65641819097178,6.20141329532493,35.8462191348506,14.8058324570041,25.2303577317083,NA,148.859663897369,182.827102133181,875.899288447326,1320.67291872929,NA,-3.21487088638387,-2.80999311877936,4.91253817084105,NA,1.81845868032554,2.01337719294908,0.716809754103814,4.02936803186997,2.70805686774665,0,0,0,0,1,0,0,0,0,0,0,0,0,0,0,0,0,0,0,0,0,1
Myotis lucifugus,799,-116.45354,2.82940323044355,1,1,1,0,1,0,0,245.3,210,25.5,1,29,5.27,NA,NA,0.051,305.15,0.1,56.1975,0.289510489510489,0,-0.000684694349687,0.727548607277278,1.9154509415706,1.96711235670592,4.10575666180934,2.39954733309324,0.30952380952381,16.3038172265203,0.5,59.79,NA,NA,3,48.99,13.4175122978763,-0.142043589267307,6.20141329532493,35.8462191348506,14.8058324570041,25.2303577317083,NA,148.83719168216,182.062106064205,875.028782759984,1334.4350493517,NA,-1.88518383758751,-2.76992111303843,6.12736290209543,10.5320962119585,1.64709371426927,1.8483366746803,0.733954418629004,3.40119738166216,7.11151219806222,0,0,0,0,1,0,0,0,0,0,0,0,0,0,0,0,0,0,0,0,0,1
Neophocaena asiaeorientalis,804,-122.35657,1.827214431283,1,0,NA,NA,NA,NA,NA,502.705026782947,702.981098753097,89.7837048180254,1.13470953930711,13.6551937831519,38.2345074056162,NA,NA,NA,NA,NA,118.419234077872,0.407256506079253,0.5350475212328,-0.160473696252794,2.92496772339579,5.16699071965206,NA,5.25313747826437,6.01821246558614,0.035714285714286,13.8942895267576,NA,108.754438507933,NA,NA,NA,NA,13.8004145604581,-0.888214479662595,6.20141329532493,35.8462191348506,14.8058324570041,25.2303577317083,NA,149.111336839808,182.53411829525,876.481706351342,1323.34014128186,NA,-1.31983819609116,-2.78179053106315,5.03685068873122,NA,1.90118953731379,1.87577527976321,0.716712092522681,3.96655110833873,4.97673443207551,0,0,0,1,0,0,0,0,0,0,0,0,0,0,0,0,0,0,0,0,0,1
Nomascus leucogenys,805,-133.24279,2.88488483400021,1,1,1,0,0,0,1,3069.409,2918.25035230687,724,0.810981472157407,40.845833,59,NA,NA,NA,NA,0.3,207.59112,0.234174132892659,0,0.467003920049375,6.20925378966027,7.53184004384547,8.79801453278233,8.53450918399449,8.64261523543071,0.023809523809524,10.8462356568101,NA,203.639232980446,1,NA,NA,NA,23.75,18.07,20.91,106.03,99.54,102.78,0.1,123.41,190.67,1050.88,1289.06,NA,-0.189305307019836,-2.58568038575182,2.91140378448815,NA,1.6094379124341,4.60766706618668,2.2512917986065,5.09261025699638,4.31748944686875,0,0,0,0,0,0,0,0,0,0,0,0,0,0,0,1,0,0,0,0,0,1
Nyctereutes procyonoides,804,-140.85531,2.43068251066787,1,1,1,0,1,0,0,326.63,304,48.345,1,12.5,56.369,NA,NA,NA,311.15,0.5,61.42,0.130138468809074,1.84054963339749,-0.000684694349687,4.47072408943517,6.65929391968364,8.35042997353814,8.10528567503041,8.15190987294091,0.452380952380952,16.2621533149365,9.5,61.84,NA,NA,2,NA,56.61,19.91,38.26,145.82,72.66,109.24,0.03,70.08,56.73,662.92,762.75,5.01063529409626,0.139761942375159,0.198850858745165,2.48657192910706,NA,0.98707931777127,5.22848485694936,0.18979733401767,5.08364443890161,6.38012270639128,0,0,1,0,0,0,0,0,0,0,0,0,0,0,0,0,0,0,0,0,0,1
Ochotona princeps,808,-141.30469,1.88080349936463,1,1,1,0,1,1,1,347.57912,348.828633449072,26.45,2.11,7,19,NA,NA,0.932,313.25,0.1,30.218,0.406348074179744,1.09861228866811,-2.49257461362345,2.19722457733622,4.39592953984287,4.94306997460049,4.9899757649211,4.90314762054682,0.202380952380952,13.7042089817854,7,30.44,NA,NA,1,NA,54.58,35.26,44.92,-103.58,-127.78,-115.68,0.1,39.59,43.58,374.48,769.08,NA,-6.79914843834385,-6.59548718498646,6.65233385710834,0,1.86847762174993,2.30856716467159,-0.143746047497563,3.92713707474175,5.39816315400634,0,0,0,0,0,0,0,0,0,0,1,0,0,0,0,0,0,0,0,0,0,1
Octodon degus,831,-127.24773,3.49682244173192,1,1,1,0,0,0,1,187.19,182,36,1.8,7.1,23.75,NA,NA,0.958,310.75,0.3,90.04528,0.657933458637439,1.66959183525385,-1.28006721923135,2.64617479738412,4.26549281841793,5.32220477700138,4.97445617543769,5.54362615125584,0.023809523809524,11.0588164046225,1.25,90.59,NA,8,2,NA,-28.68,-34.97,-31.83,-70.23,-72.15,-71.19,0.06,26.48,63.47,232.9,1011.21,NA,-4.59140070812189,-2.90012921995316,7.06153160303273,NA,0,4.60936139060656,0,4.19060992032942,6.5680780518614,0,0,0,0,0,0,0,0,0,0,0,0,0,0,0,0,0,1,0,0,0,1
Odocoileus virginianus,679,-132.63284,5.08793145813372,1,1,1,0,1,1,0,309,417,129,1,21.6,180.6845,NA,NA,123.447,312.15,0.2,199.695,0.078536436007349,0.536493370514568,-0.183291222768087,8.00636756765025,10.4232133519749,11.0870535470844,10.6071279727405,10.7099634184031,0.654761904761905,16.4834771998734,NA,201.39,2.25,4,1,NA,61.76,-17.98,21.89,-49.87,-130.91,-90.39,0.07,80.45,127.64,773.39,1025.5,NA,0.688134638736401,0.828551817566148,2.85186190313429,NA,0.500793048463403,3.52959059643055,0.152521925221976,6.72952746114752,8.14060707200447,0,1,0,0,0,0,0,0,0,0,0,0,0,0,0,0,0,0,0,0,0,1
Orcinus orca,804,-116.1652,3.55066689635748,1,0,0,1,1,1,1,4206.86392,4930,443.38,0.21,90,922.632,NA,14,NA,309.15,0.3,444.86051,0.007781395186047,0,1.38595207254584,11.978753701885,13.7325525957525,15.2741255806638,10.1804725161671,14.5922946910239,0.55952380952381,18.6792043946126,NA,456.25,12,NA,3,NA,11.6593944956289,0.560050655742924,6.20141329532493,35.8462191348506,14.8058324570041,25.2303577317083,NA,148.459508009743,169.705922204936,875.281113675191,1320.10964450392,NA,11.2802960649143,11.6284811329951,-1.32208148076319,2.19722457733622,1.74345750439115,1.58528201537269,0.68995354706729,7.77274850593356,7.18765723970074,0,0,0,1,0,0,0,0,0,0,0,0,0,0,0,0,0,0,0,0,0,1
Ornithorhynchus anatinus,806,-118.05669,2.63875068522545,0,0,1,0,1,1,1,645.23,548,113.485,1.1,17,41.918,NA,NA,1.931,307.15,0.2,15.87,-0.001871159980074,0.693147180559945,-0.000684694349687,1.99336858254908,5.72560299799392,7.11069612297883,7.86800651846261,7.4569520687969,0.130952380952381,13.7119683936403,NA,12.48,1,NA,3,NA,-16.29,-43.64,-29.96,153.63,136.53,145.08,0.04,76.73,156.53,781.2,1206.89,NA,-2.65926003693278,-2.65926003693278,3.09850872204253,NA,-0.377315761401512,3.21326008608257,0,3.9875383129048,5.98393653257633,0,0,0,0,0,0,0,0,0,0,0,0,1,0,0,0,0,0,0,0,0,1
Orycteropus afer,799,-122.25866,2.02828514168989,0,1,1,0,1,1,0,755.15,730,102.56932,1,24,141.7215,NA,NA,34.275,307.65,0.1,223.525,0.033003887836626,0.029558802241544,-0.000684694349687,7.49554194388426,8.74033674273045,10.9362306573498,10.4514690992737,10.8402217687573,0.345238095238095,16.7742158399315,0,222.05,1,4,3,NA,23.47,-34.83,-5.68,51.41,-17.53,16.93,0.12,75.34,234.77,800.71,1524.66,NA,-0.026734771772692,-2.60303583176905,0.139241111317599,NA,-0.668307246498083,3.45568556694622,0,6.41463950713533,4.30406644455461,0,0,0,0,0,0,0,0,0,0,0,0,0,0,0,0,0,0,0,0,1,1
Oryctolagus cuniculus,805,-117.27522,3.21555826112149,1,1,1,0,1,0,0,185.61,212.97698564747,26.15,4.415,10,45,NA,NA,7.395,312.15,0.1,30.29797,0.482295529473687,1.65632149833295,-2.53328625624778,3.67908161163383,5.3590831548706,7.54960916515453,7.58297833647886,7.96831950001272,0.107142857142857,13.3601655766594,10,30.45,NA,NA,1,NA,57.74,30.67,44.2,28.19,-9.84,9.17,0.01,55.03,103.87,488.02,716.66,NA,-3.2188758248682,-3.2188758248682,5.88025361777198,NA,1.09861228866811,5.0173460597877,2.63905732961526,4.77951077820616,8.18367661053802,0,0,0,0,0,0,0,0,0,0,1,0,0,0,0,0,0,0,0,0,0,1
Otolemur garnettii,805,-134.112509,2.61210070029831,1,1,1,0,1,0,0,344.83988,450,91.55374,1.715,17,20,NA,NA,3.927,309.15,0.3,130.37214,0.064151469050109,0.231111720963387,-0.497904676562584,2.64262239577975,4.68522827815867,6.15965548530821,6.25397768004108,5.37901428439658,0.107142857142857,13.2502683978019,NA,132.24,1,NA,2,NA,2.51,-11.74,-4.61,45.25,33.08,39.17,0.15,67.92,235.97,868.67,1602.36,NA,-2.12026353620009,-2.04022082852655,3.63758615972639,NA,0,3.93045214089651,1.09861228866811,4.07032176487909,4.21950917576326,0,0,0,0,0,0,0,0,0,0,0,0,0,0,0,1,0,0,0,0,0,1
Ovis aries,804,-131.57282,3.55151635683815,1,1,1,0,1,1,1,548,868.5,182,1,16.966667,158.5,NA,NA,NA,311.95,0.1,152.44718,0.026354661818181,0.198850858745165,-0.000684694349687,7.77327468548237,9.76995615991161,11.6082356447746,NA,10.4631033404715,NA,NA,NA,152.54,35,NA,1,NA,NA,NA,NA,NA,NA,NA,NA,NA,NA,NA,NA,NA,NA,NA,NA,NA,NA,NA,NA,NA,7.72577148571858,0,1,0,0,0,0,0,0,0,0,0,0,0,0,0,0,0,0,0,0,0,0
Paguma larvata,805,-127.70722,2.49832312108209,1,1,1,0,1,0,0,773.872674588451,623.234780345706,109.13,2,18,69.7555,NA,NA,NA,NA,0.3,63.2756184629818,0.074161265351947,0.832909122935104,-0.693831874909632,5.2036525547304,6.33654146382187,8.36637030168165,8.80321220642714,8.57657955299911,0.55952380952381,15.683072936022,9.03,108.613206368254,NA,4,2,NA,36.55,-5.94,15.3,122.13,70.62,96.38,0.09,149.56,176.11,1125.07,1326.61,NA,1.05779029414785,0.993251773010283,1.23983161714712,NA,-0.222742083382699,5.14242350158936,1.38629436111989,4.15498761807445,4.4067204667757,0,0,1,0,0,0,0,0,0,0,0,0,0,0,0,0,0,0,0,0,0,1
Pan paniscus,805,-133.63701,1.35117315483002,1,1,1,0,0,0,1,3287.088,3980.49925570112,854.74466,0.22,48,78.8715,NA,NA,NA,NA,0.4,233.660215,0.008768472050786,0,1.57829400874276,7.24405964437091,9.02701831484864,10.4665246240578,9.32841796262357,10.7144177687525,0.023809523809524,12.9378787598077,NA,235.24,85,NA,2,NA,1.67,-5,-1.66,25.19,17.75,21.47,0.17,161.12,250.33,1538.7,1601.58,NA,3.32970137995709,3.61866531058901,0.693147180559945,4.49980967033027,0.693147180559945,2.06939120582633,1.09861228866811,5.54359032528806,7.07496328256841,0,0,0,0,0,0,0,0,0,0,0,0,0,0,0,1,0,0,0,0,0,1
Pan troglodytes,805,-134.59422,2.3778694449724,1,1,1,0,0,0,1,3636.98,2920,1112.13144,0.2,59.35,86.8045,0.04,8,NA,308.85,0.3,229,0.008340375915614,0.072320661579626,1.29423010435291,7.4645212958889,9.04782144247841,10.7140510348471,9.13626894219758,10.6987399560332,0.202380952380952,14.6546084001832,0,231.49,50,2,2,NA,13.13,-8.72,2.2,31.18,-15.55,7.81,0.11,149.72,241.68,1297.08,1558.05,NA,2.38416507998647,2.52572864430826,0.488580014818671,3.80666248977032,-0.361233597120824,3.53689309711605,0,5.74461624201087,8.74941542251905,0,0,0,0,0,0,0,0,0,0,0,0,0,0,0,1,0,0,0,0,0,1
Panthera pardus,805,-132.57504,1.8729377038937,1,1,1,0,1,0,0,937,771,110,1,23,164.3855,NA,NA,NA,NA,0.1,97,0.022176165803108,0.76080582903376,0.231046528362205,6.30991827822652,7.57044325205737,10.8794612865715,9.8746400227981,10.4888734508754,0.69047619047619,17.3629549031242,9.03,96.74,NA,4,3,NA,48.36,-34.83,6.76,135.42,-17.53,58.94,0.11,88.01,207.63,818.43,1395.31,6.39691298841059,2.93279247378012,3.04832472367316,-2.65926003693278,0,-1.42999806613593,4.61620903310331,0,5.97025175584301,6.68085480426072,0,0,1,0,0,0,0,0,0,0,0,0,0,0,0,0,0,0,0,0,0,1
Panthera tigris,797,-131.49184,2.54134705059256,1,1,1,0,1,1,1,1268,1415,121,0.4,26.275,231.2395,NA,NA,133.859,310.65,0.1,105.095,0.009965454347826,0.943905898907128,0.76589753120535,7.12977019362553,9.30592324186991,11.7660160926524,11.0858889480283,12.7381704045717,0.380952380952381,14.1158861046286,9.03,105.19,NA,NA,3,NA,47.99,-5.94,21.02,137.26,73.31,105.29,0.08,138.99,211.51,1000.12,1405.59,6.3456363608286,4.17269352863308,4.24405683545043,-3.50655789731998,0,0,5.10291057020543,1.09861228866811,5.8086528547647,6.9177057088452,0,0,1,0,0,0,0,0,0,0,0,0,0,0,0,0,0,0,0,0,0,1
Papio anubis,805,-134.48045,2.18051063706036,1,1,1,0,0,0,1,1583.185,1762,338.96,0.8,37.2125,76.2,NA,NA,NA,NA,0.4,178.96,0.037313981507805,0.004987541511039,0.55892326248073,6.71270100408317,8.19981038665132,9.78293217749576,9.5414051575081,10.0413781798756,0.30952380952381,15.873081537901,NA,178.96,40,NA,NA,NA,21.89,-5.8,8.04,43.47,-12.32,15.57,0.11,98.24,242.67,1020.22,1584.07,NA,1.57484646766448,1.8526864849167,2.37954613413017,3.79548918917219,-0.306914149962557,3.67427330172457,0,5.44694006197347,7.05012260699932,0,0,0,0,0,0,0,0,0,0,0,0,0,0,0,1,0,0,0,0,0,1
Peromyscus leucopus,805,-136.42341,3.37885015170348,1,1,1,0,1,0,0,70.91588,114.937456713861,22.33,3.9,7.9,10.0705,0.001,0.5,0.213,309.85,0.4,25.63094,1.43618811659194,1.46902575871736,-2.63101305175127,0.636576829071551,2.20772481197009,3.10458667846607,3.05310922634253,3.10099278421148,0.369047619047619,15.5787593952504,13,23.17,NA,4,2,NA,51.13,15.86,33.49,-62.31,-112.76,-87.53,0.05,64.42,130.26,697.87,956.87,3.66867674679642,-7.02794859202474,-6.97083033816939,7.27561543455917,1.02961941718116,1.03580590504276,3.78236979720128,-0.104261408773013,3.38963927299307,14.9256140195475,0,0,0,0,0,0,0,0,0,0,0,0,0,0,0,0,0,1,0,0,0,1
Peromyscus maniculatus,805,-131.76553,3.17584618891826,1,1,1,0,1,0,0,59.95794,114.937456713861,22.575,3.55,7.95,9.8875,NA,NA,0.219,309.75,0.4,25,1.46250475609757,1.52931186795482,-2.61218017803937,0.60431596685333,2.19165353228676,3.02042488614436,3.56054057681191,4.68776348429194,0.345238095238095,16.3828326094528,15.19,26.68,NA,NA,2,NA,65.64,16.2,40.92,-55.61,-139.68,-97.65,0.05,51.3,61.72,486.99,718.81,NA,-6.20024868997161,-5.9592758081255,6.49506916203063,1.02961941718116,0.910601534919178,3.21567069391925,0.072064374184129,3.34079022228621,7.56423852703771,0,0,0,0,0,0,0,0,0,0,0,0,0,0,0,0,0,1,0,0,0,1
Phascolarctos cinereus,807,-124.369049,2.79234650239802,0,1,1,0,1,0,0,646,1095,342,1,20,85,NA,NA,5.744,308.95,0.1,31,6.40708923704638E-05,0.004987541511039,0.145607398272929,-1.02165124753198,7.05185562295589,8.63885668833471,9.16458283135112,8.90241700814821,0.095238095238095,13.9128136625437,NA,34.29,1,NA,1,NA,-17.27,-39.13,-28.2,153.58,138.26,145.92,0.04,56.97,178.64,660.25,1266.39,NA,-4.60517018598809,-4.60517018598809,5.0938115486182,NA,1.53226611870626,2.7219531062712,0.032889706536008,2.77767723935496,6.8501262720777,0,0,0,0,0,0,0,0,1,0,0,0,0,0,0,0,0,0,0,0,0,1
Phodopus campbelli,805,-141.77169,1.93572439409356,1,1,1,0,1,1,0,118,123.075970470094,20,3.5,3.183333,9.122,NA,NA,NA,NA,0.2,20,1.18102626543747,1.70110510095992,-2.43484609290921,0.570979546585738,2.66025953726586,3.35846383907525,3.3150993917084,3.74714836223791,0.202380952380952,14.5332795690773,9,20.59,1,NA,NA,NA,52.84,36.45,44.64,121.75,84.9,103.32,0.05,23.24,-7.14,321.83,565.29,NA,-2.75860782807303,-2.79437754883123,2.99573227355399,NA,-0.797114628577793,3.06619073720255,0,3.31958896713474,5.00394697708617,0,0,0,0,0,0,0,0,0,0,0,0,0,0,0,0,0,1,0,0,0,1
Phyllostomus discolor,804,-129.71877,2.74511892519148,1,1,1,0,1,0,0,510.923538732443,655.680575770994,36.0310582456993,1.45978908198778,9,9.7,NA,NA,0.267,307.75,0.3,105,0.324380653838548,0,-0.074697382240619,1.94591014905531,3.13235825261499,3.69012867351437,4.26541889251466,3.57924989931289,0.785714285714286,16.3411101399074,NA,107.97,NA,NA,2,NA,19.64,-23.02,-1.69,-34.79,-97.09,-65.94,0.12,154.15,242.55,1302.43,1549.16,NA,-3.22608819861442,-2.78184351353563,4.45856902764398,NA,1.40042528930507,3.11839228628988,0.017808536895319,3.72089330174123,4.93447465255489,0,0,0,0,1,0,0,0,0,0,0,0,0,0,0,0,0,0,0,0,0,1
Physeter catodon,804,-126.81317,3.00507552430513,1,0,0,1,1,1,1,3857.52,5750,415.76,0.23,77,1098.769,NA,NA,NA,NA,0.1,464.62,0.017625742574258,0,1.24481122559127,13.5593271525719,14.1081801719271,16.1280459818115,8.4672930011825,14.5922946910239,9.70664418191403,13.0895252656997,NA,472.99,25,NA,2,6500,13.0429325854209,-0.70590378141718,6.20141329532493,35.8462191348506,14.8058324570041,25.2303577317083,NA,127.73878119206,171.409388948174,865.089354120477,1332.89343676662,NA,2.44221110857526,-2.42025401874768,-0.117029280994665,2.39789527279837,1.90416788388593,1.59056774615947,0.575373562699118,7.57148916623583,6.62406536060201,0,0,0,1,0,0,0,0,0,0,0,0,0,0,0,0,0,0,0,0,0,1
Piliocolobus tephrosceles,805,-133.1645,1.05744676566824,1,1,1,0,0,0,1,1490.14656,1749.84117861115,665.93968,0.57588395686754,14.0749913932641,58.9478691720001,NA,NA,NA,NA,0.2,171.35468,0.214189191485817,0,0.081716254435334,6.5134341394025,7.14654039000443,8.9878528554241,8.88875674784872,9.12766503530727,0.047619047619048,8.26700281574445,NA,171.60186298466,34,NA,NA,NA,0.27,-6.02,-2.87,31.56,29.37,30.46,0.12,98.87,205.8,1130.21,1512.98,NA,1.36863942588117,1.71739505393919,5.7037824746562,NA,2.07944154167984,4.67842064772768,2.56494935746154,4.02301069990601,2.70805686774665,0,0,0,0,0,0,0,0,0,0,0,0,0,0,0,1,0,0,0,0,0,1
Pipistrellus abramus,803,-139.69167,2.70846181604985,0,0,1,0,1,0,0,258.966027602642,682.514517642599,41.9057898007254,2.15762071285877,2.908333,10.742024127577,NA,NA,NA,NA,0.1,71.48,0.398176876388487,0.786182046527135,-0.065016484539971,0.039220713153281,1.33907680809644,1.6854725987101,1.56861591791385,1.53686721959926,0.30952380952381,15.1792983799439,NA,72.2076312981341,NA,NA,NA,NA,44.37,15.45,29.91,142.07,102.33,122.2,0.05,102.44,141.83,926.69,1022.92,NA,-2.97805614875779,-2.82271818000061,5.59369099317451,NA,0.693147180559945,5.87200510707065,3.49650756146648,3.27126548443438,4.27666750790398,0,0,0,0,1,0,0,0,0,0,0,0,0,0,0,0,0,0,0,0,0,1
Pongo abelii,805,-141.14581,2.68858284084964,1,1,1,0,0,0,1,2936.81,2555,1088.8,0.22,59,119.5,NA,NA,NA,NA,0.3,259.42,0.007851216431007,0.131028262406404,1.54410509832937,7.42173392673953,9.30565055178051,10.885721256345,9.36935574021863,11.2204318355212,0.023809523809524,9.79583556925214,NA,275.076639885609,NA,NA,NA,NA,4.71,2.9,3.8,98.67,96.58,97.62,0.09,140.16,223.53,1498.07,1675.86,NA,0.95370392948,-2.32594464889281,1.28600753972495,NA,3.40119738166216,4.57078575912626,3.40119738166216,5.82914477637254,5.30330540557139,0,0,0,0,0,0,0,0,0,0,0,0,0,0,0,1,0,0,0,0,0,1
Procyon lotor,805,-109.53829,2.10090561872202,1,1,1,0,1,0,0,365,365,91,1,20.583333,60,NA,NA,10.428,311.15,0.4,63.45717,0.05343842364532,1.22082992139236,-0.000684694349687,4.38202663467388,7.06902342657826,8.53208180390999,8.14783829833855,8.54286093816481,0.464285714285714,16.2738023929152,20.91,65,NA,6,2,NA,58.78,7.19,32.99,-60.96,-127.89,-94.43,0.06,63.25,111.84,631.09,920.9,5.76044632177374,1.53039470509365,1.58923520511658,1.19088756477728,NA,0.840206379398851,3.65764675168284,-0.121681440675777,5.08742830154899,7.24779265294222,0,0,1,0,0,0,0,0,0,0,0,0,0,0,0,0,0,0,0,0,0,1
Propithecus coquereli,826,-133.44775,1.82055701076467,1,1,1,0,0,0,1,1074.90716,912,179.395,1,20.6,51.1245,NA,NA,NA,NA,0.2,145.5246,0.025104362912141,0.009950330853168,-0.000684694349687,4.50030954537192,7.48325755234814,8.19497350297379,8.6715453244681,8.14219627587196,0.011904761904762,10.335732937192,NA,140.99,5.5,NA,NA,NA,-14.57,-16.41,-15.49,48.63,46.66,47.65,0.19,134.79,251.42,982.55,1753.03,NA,-1.37790456932766,-2.51531948466582,3.03483032940862,NA,2.19722457733622,2.79910893204918,2.19722457733622,4.74249580213677,3.78419190664295,0,0,0,0,0,0,0,0,0,0,0,0,0,0,0,1,0,0,0,0,0,1
Pteropus alecto,805,-131.9994,2.05613075027398,1,1,1,0,1,0,0,811.607582397288,620.908981791464,89.17,1,19.666667,25.46,NA,NA,NA,NA,0.1,126.03967125132,-0.034793626940655,0.095310179804325,-0.001089031692519,3.98284384804202,4.53629787062336,6.46320884800541,6.91741942972625,6.35928542855091,0.166666666666667,14.1711729685161,NA,108.431397774983,NA,NA,1,NA,-5.72,-31.19,-18.45,153.63,112.56,133.1,0.08,76.36,249.99,785.17,1674.18,NA,-1.86063688951413,-2.73148900768617,4.67553213430577,6.77422388635761,1.44903137873209,2.40514168131914,0.246525668779117,4.04014663025864,4.83628270060196,0,0,0,0,1,0,0,0,0,0,0,0,0,0,0,0,0,0,0,0,0,1
Pteropus vampyrus,804,-132.36049,2.88710030978797,1,1,1,0,1,0,0,793.053091066318,641.460902988124,91.32,1,18.466667,27.907,NA,NA,4.486,310.05,0.1,166.863027968716,0.140787669964061,0,-0.155320921954121,4.89034912822175,5.95950012965384,6.85085153859251,7.45581576471629,7.10681470541679,0.357142857142857,14.4785211604155,NA,108.592785825245,NA,NA,1,NA,18.65,-10.62,4.01,127.3,95.18,111.24,0.13,217.99,249.98,1525.79,1714.19,NA,-1.91781127911272,-2.71477233673271,3.82006463680278,7.3132203870903,0.185944484894057,5.10945446171066,1.38629436111989,4.93281148782295,4.44265243296021,0,0,0,0,1,0,0,0,0,0,0,0,0,0,0,0,0,0,0,0,0,1
Puma concolor,805,-130.28108,1.97483033690379,1,1,1,0,1,1,1,912,912,90,0.47,21.854167,167.7665,NA,NA,49.326,310.75,0.1,92.15,0.01081,1.01523067972906,0.62438162073574,5.99146454710798,8.1605182474775,10.77895628989,10.0138393629361,10.7328955871397,0.845238095238095,16.9361233138209,8,92.3,1,NA,3,NA,59.66,-53.1,3.28,-34.79,-135.36,-85.07,0.1,109.2,181.93,968.16,1296.83,6.04023090147015,4.86668793841919,4.93353824371129,-3.91202300542815,NA,0.623270164851383,3.15359035816957,0.051277873250246,5.90339313014691,7.1823521878731,0,0,1,0,0,0,0,0,0,0,0,0,0,0,0,0,0,0,0,0,0,1
Rattus norvegicus,805,-125.82212,2.51764563731894,0,0,1,0,1,0,0,78.78396,70,25,3.68,5,30,0.002,0.3,1.404,310.25,0.4,21.30478,0.676167800000002,2.1809822712348,NA,1.75958057086382,4.15496918403854,5.63478960316925,NA,6.32793678372919,0.595238095238095,16.7699568546437,NA,21.74,NA,NA,1,NA,NA,NA,NA,NA,NA,NA,NA,NA,NA,NA,NA,NA,-5.83345754104546,-5.98125642770296,NA,NA,NA,NA,NA,3.95124371858143,8.59304252223879,0,0,0,0,0,0,0,0,0,0,0,0,0,0,0,0,0,1,0,0,0,0
Rhinolophus alcyone,805,-118.52689,2.33405385896631,0,1,1,0,1,0,0,573.926260954242,677.271164270358,64.4647267088356,1.50834555097238,6.62656927395535,10.263108937292,NA,NA,NA,NA,0.1,162.827816932143,0.373202790428153,-0.02020270731752,-0.19495878789887,1.39295726127942,2.60378818724688,2.92423627184892,3.34107816458347,2.83112333058198,0.226190476190476,14.8660999721916,NA,108.719400975715,NA,NA,NA,NA,10.59,-5.06,2.76,31.93,-14.49,8.71,0.12,153.64,244.74,1361.21,1561.65,NA,-1.99997487312992,-2.79732216416643,4.92773032303107,NA,-0.264701648597497,3.94468378766769,0,3.98122912302021,9.99950003332973E-05,0,0,0,0,1,0,0,0,0,0,0,0,0,0,0,0,0,0,0,0,0,1
Rhinolophus ferrumequinum,805,-122.42454,2.95889422108252,0,1,1,0,1,0,0,778.845,730,52.935,1,30,6.9,NA,NA,NA,NA,0.1,82.81,0.247554098360655,-0.010050335853502,-0.000684694349687,1.74396880539171,2.63581912710338,3.13004461116159,4.16343799636783,2.82570629924244,0.488095238095238,16.0928824191932,NA,91.24,NA,NA,3,NA,53.47,23.49,38.48,142.07,-9.49,66.28,0.07,59.9,108.69,510.66,954.79,NA,-1.9025910904873,-2.69602825069763,5.32449679987247,NA,0.289431445343234,5.08369986495326,1.79175946922805,3.64447804650242,6.02827876119452,0,0,0,0,1,0,0,0,0,0,0,0,0,0,0,0,0,0,0,0,0,1
Rhinolophus landeri,805,-114.24104,2.19205289838848,0,1,1,0,1,0,0,564.875611030376,660.588420213276,60.41,1.40296522145118,14.152203176887,10.0540899820601,NA,NA,NA,NA,0.1,119.61,0.416826621506685,-0.010050335853502,-0.053873495873837,0.871650136986941,1.96194827284559,2.23964529322017,3.32145738630783,2.27984009267104,0.333333333333333,16.3107891712947,NA,119.61,NA,NA,3,NA,17.87,-30.41,-6.27,43.22,-16.82,13.2,0.14,105.04,239.5,1025.12,1544.59,NA,-1.99997487312992,-2.77078717314385,5.25210452542765,NA,-0.592965259843576,3.65221546974235,0,4.00218484472647,1.3863193608074,0,0,0,0,1,0,0,0,0,0,0,0,0,0,0,0,0,0,0,0,0,1
Rhinolophus macrotis,805,-138.687266,2.46602221309362,1,1,1,0,1,0,0,740.467434243511,677.271164270358,75.4288032483115,1.42297893256323,6.31953415575332,10.2225360930354,NA,NA,NA,NA,0.1,145.442856847434,0.5543919833466,-0.02020270731752,-0.163526014210897,0.506328122201886,1.82087438734667,1.8213182714696,3.17899257020141,2.11408391353016,0.321428571428571,14.6932582438608,NA,108.719400975715,NA,NA,3,NA,34.77,7.8,21.28,125.2,72.85,99.02,0.08,131.15,129.96,987.58,1137.55,NA,-1.99997487312992,-2.80088462940031,5.72251546629712,NA,0.080743967215531,5.14766888020895,1.38629436111989,3.97990088928314,2.56495704973964,0,0,0,0,1,0,0,0,0,0,0,0,0,0,0,0,0,0,0,0,0,1
Rhinolophus pearsonii,805,-161.49769,4.16249074085056,1,1,1,0,1,0,0,531.032491140837,677.271164270358,63.7411046409513,1.73343182617221,4.06390263389338,10.2225360930354,NA,NA,NA,NA,0.1,101.126685583221,0.609461934217108,0.242979727135254,-0.112890324635402,0.668637533752568,2.7813072229947,2.4466854369678,2.72785282839839,2.5958825153487,0.297619047619048,14.971237322247,NA,108.643257260856,NA,NA,3,NA,34.04,12.12,23.08,120.39,77.69,99.04,0.07,132.63,162.99,1013.68,1220.18,NA,-1.99997487312992,-2.81429130037725,5.89983552373553,NA,0,5.36485389034828,1.6094379124341,3.98247565089686,-9.21034037197618,0,0,0,0,1,0,0,0,0,0,0,0,0,0,0,0,0,0,0,0,0,1
Rhinolophus pusillus,805,-112.460158,3.12529390843237,1,0,1,0,1,0,0,491.037503513558,686.370796795885,41.85,1.6590358674977,6.42649294080209,10.4168076084241,NA,NA,NA,NA,0.1,102.717364556731,0.551440395386764,0,-0.231498669924809,0.943905898907128,1.85785927093258,1.6094379124341,3.2914710311993,1.84476245933611,0.476190476190476,15.0916586981691,NA,108.698183122141,NA,NA,3,NA,30.75,9.95,20.35,119.25,76.23,97.74,0.08,101.35,198.87,924.58,1349.44,NA,-1.99997487312992,-2.80034447724035,6.08539313101228,NA,0,5.65241900236764,2.39789527279837,3.44969044324406,2.89037731343629,0,0,0,0,1,0,0,0,0,0,0,0,0,0,0,0,0,0,0,0,0,1
Rhinolophus sinicus,805,-119.62855,1.90859687394227,1,1,1,0,1,0,0,451.11,448.232441508177,59.42,1,5,10.9310810572026,NA,NA,NA,NA,0.3,123.54,0.276099463676256,-0.010050335853502,-0.01722310908804,1.05082162483176,2.39789527279837,2.32776539152434,2.29253475714054,2.14006616349627,0.178571428571429,14.5895851528614,NA,123.441653937958,NA,NA,NA,NA,33.93,18.94,26.44,120.49,76.92,98.7,0.07,127.05,150.11,990.55,1121.64,NA,-2.96331058588901,-2.84020230045107,5.82317500539764,NA,0,5.6129821103297,2.19722457733622,3.38262535383736,3.66356421022892,0,0,0,0,1,0,0,0,0,0,0,0,0,0,0,0,0,0,0,0,0,1
Rhinopithecus roxellana,805,-134.48783,1.75041840207801,1,1,1,0,0,0,1,1238.3050150844,629.890095839425,409.16797244287,1.35588139184725,26.645833,70.355,NA,NA,NA,NA,0.3,199.17,0.215875358823518,0,-0.030620726339293,6.80024085319226,7.19196624390938,9.59899836176797,9.41735454136051,9.81005560774357,0.071428571428571,12.6451407216624,NA,199.34,65,NA,1,NA,35.31,29.34,32.32,110.88,101.79,106.33,0.05,73.4,90.1,749.43,870.62,NA,3.1896529661913,3.28982013338878,1.52605630349505,NA,1.38629436111989,5.24755024949438,1.79175946922805,4.30755641552491,5.41164649828351,0,0,0,0,0,0,0,0,0,0,0,0,0,0,0,1,0,0,0,0,0,1
Rousettus aegyptiacus,805,-124.49258,2.10183208167435,1,1,1,0,1,0,0,365,365,122,2,22.9,17.2185,NA,NA,0.684,307.95,0.2,116,0.325329850746269,0.034401426717332,-0.689894033419677,3.04737550670583,4.30135873160643,4.89783979995091,5.03168871279807,4.51565029355921,0.345238095238095,15.2195007481097,NA,123.39,NA,NA,1,NA,37.36,-34.83,1.26,66.84,-17.53,24.65,0.13,85.78,226.26,828.48,1461.38,NA,-1.67497358013419,-2.76904574383335,6.10922422717359,6.90775527898214,-1.0215359829776,4.32227663026811,0,3.68987895444702,5.87773606189164,0,0,0,0,1,0,0,0,0,0,0,0,0,0,0,0,0,0,0,0,0,1
Saimiri boliviensis,805,-137.98163,3.41931060499693,1,1,1,0,0,0,1,1090.58878,1826,177,1.07,28.595833,32.2,NA,NA,NA,NA,0.5,160.2725,0.143830691800307,0,0.024007919705101,4.67749084756772,6.01737592889248,6.68426791857235,6.56740121050566,6.65801104587075,0.166666666666667,14.1331438463862,NA,157.79,60,NA,NA,NA,-2.7,-19.4,-11.05,-57.71,-76.44,-67.07,0.12,171.5,242.87,1417.91,1535.03,NA,-1.70731189160451,-2.53914767287406,3.35689712276558,NA,1.82178110647472,1.00795792039998,-0.174593139723957,4.88603192942415,5.15329217253229,0,0,0,0,0,0,0,0,0,0,0,0,0,0,0,1,0,0,0,0,0,1
Sarcophilus harrisii,806,-116.61497,3.74932437055887,1,1,1,0,1,0,0,730.56,730,243.33,1,8.1,67.893,NA,NA,8.664,308.95,0.1,26,9.83769230769234E-06,1.07840958135059,-0.000684694349687,-3.82814152144744,6.74523634948436,8.77955745588373,8.85366542803745,9.10497985631836,0.035714285714286,11.0710681409478,NA,21,NA,NA,3,NA,-40.64,-43.64,-42.14,148.35,144.6,146.48,-0.01,71.3,104.27,610.94,778.91,NA,-0.626224726168164,-2.19694018372712,1.77495235091167,NA,-0.197377913678509,1.89311196348834,0,2.51710049016887,5.63478996031204,0,0,0,0,0,0,1,0,0,0,0,0,0,0,0,0,0,0,0,0,0,1
Sorex araneus,803,-111.627665,3.15908996724355,0,1,1,0,1,1,1,325.96956,335,25,1.9,2,7.506,NA,NA,0.348,308.15,0.2,21.00021,0.669208053691279,1.880990602956,-2.15626790068601,-0.82098055206983,2.14006616349627,2.10352421219579,3.82188174466287,2.52201872074798,0.321428571428571,16.39848929665,16,21.5,NA,6,2,NA,71.13,36.38,53.76,114.23,-9.24,52.49,0.00449268,42.08,10.32,362.33,416.88,NA,-7.71506829516165,-7.55324817833876,7.52779936694312,0,1.08287237486277,3.95489090565532,-0.029629063193352,2.59058901581957,6.72142582127256,0,0,0,0,0,0,0,0,0,0,0,0,0,0,0,0,0,0,0,1,0,1
Suricata suricatta,805,-121.83453,1.90312786459554,1,1,1,0,0,0,1,365,365,44,1,12.666667,31.7855,NA,NA,1.729,309.45,0.3,77,0.147983247422681,1.35066718347674,-0.000684694349687,3.39282913199164,5.41832015894273,6.65415252018322,7.29409196792438,6.58921385326799,0.142857142857143,14.3800851159075,11.97,77,NA,NA,3,NA,-15.77,-33.77,-24.77,30.87,11.71,21.29,0.09,26.55,175.81,405.45,1237.75,NA,2.46470394247048,2.64333388638252,1.5097657386643,NA,1.31692645269844,2.30757263450508,-0.058564762437079,4.59969289520182,5.7899604767076,0,0,1,0,0,0,0,0,0,0,0,0,0,0,0,0,0,0,0,0,0,1
Sus scrofa,805,-128.67843,2.22336969937775,1,1,1,0,1,1,0,334,768,97.88,1.5,21,157.4995,NA,NA,104.15,312.15,0.5,115.1,0.061551805555554,1.71694612014939,-0.462502743359787,6.90274273715859,8.7749298418987,11.8130300574206,NA,12.0552497557956,0.75,17.1486623768499,NA,115.2,13,11,2,419.99,59.99,-8.78,25.6,138.36,-9.89,64.23,0.06,64.68,116.91,567.82,964.89,NA,0.165514438477573,1.75785791755237,1.26412672714568,NA,NA,4.98065707057657,0,5.48059725580725,8.734881908135,0,1,0,0,0,0,0,0,0,0,0,0,0,0,0,0,0,0,0,0,0,0
Theropithecus gelada,805,-134.21412,2.89376934687077,1,1,1,0,0,0,1,1400.0934,2190,450.8572,0.5,28,67.25,NA,NA,NA,NA,0.1,170.20829,0.014540428498676,0,0.723815129606618,6.14042320023282,8.26873183211774,9.67809835664852,9.38597294061934,9.81874632408104,0.047619047619048,11.5507197482265,NA,178.64,10,NA,1,NA,14.2,7.71,10.95,41.78,36.95,39.37,0.14,92.49,173.39,900.33,1483.25,NA,0.148420005118273,0.682555963374691,3.94002720183774,4.71849887129509,1.6094379124341,4.62497281328427,2.77258872223978,5.1440052472473,5.08140498610228,0,0,0,0,0,0,0,0,0,0,0,0,0,0,0,1,0,0,0,0,0,1
Trichechus manatus,800,-120.06239,1.1166790760007,0,1,0,1,1,1,1,1500.79916,913,456,0.4,30,399.739,NA,NA,70.0056,NA,0.1,334.79,0.030593021935486,0,1.09827000009406,10.2967785222965,11.2628542267692,12.8674711277755,11.2022887182066,14.2084819150343,0.083333333333333,14.2331601220358,NA,334.58,1.45,2,2,NA,13.792797592166,-0.768787826146047,6.20141329532493,35.8462191348506,14.8058324570041,25.2303577317083,NA,149.036212053781,181.725667679558,877.316677419755,1313.76397658574,NA,1.49133592894655,-2.47842134473653,-0.597473676177211,NA,1.70604247886987,1.61601077560412,0.769347520697398,4.8283137373023,6.34738938478734,0,0,0,0,0,0,0,0,0,0,0,0,0,0,0,0,0,0,1,0,0,1
Tursiops truncatus,804,-121.80908,3.66066091203336,1,0,0,1,0,0,1,3126.01038,4036,562.22892,0.5,40,362.8955,NA,NA,NA,NA,0.2,365,0.042065217391306,0,1.09861228866811,9.87044769845793,11.3857441355358,12.3458345879053,10.4306438891842,13.4278083160683,0.535714285714286,19.3560303046335,NA,365,10,NA,3,NA,11.6593944956289,0.560050655742924,6.20141329532493,35.8462191348506,14.8058324570041,25.2303577317083,NA,148.434830155173,177.854436724966,887.231777307444,1328.83050678971,NA,3.96594284741758,4.44253360251053,-1.6094379124341,1.94591014905531,1.60893768114993,1.53636944172284,0.729586228209187,6.95654544315157,8.31311672734709,0,0,0,1,0,0,0,0,0,0,0,0,0,0,0,0,0,0,0,0,0,1
Ursus arctos,805,-164.69464,3.37815877240185,1,1,1,0,0,1,1,1320.475,1313,213,0.4,43.5,228.5,NA,NA,NA,310.45,0.4,103,0.001887696133056,0.819779831493311,0.881893413188385,6.21458809822219,10.1658518170036,12.390475368528,10.7859921348309,12.1056996713834,0.5,17.4049997639027,31.82,227.56,NA,NA,2,NA,72.38,29.14,50.76,179.99,-168.12,5.93,0.004330963,35.01,-46.56,292.87,408.25,6.81617712649249,5.73918179300806,5.81060192555027,-3.91202300542815,NA,0.923683979575937,2.69799986524871,-0.059682532032842,6.11093560728746,7.66434667902494,0,0,1,0,0,0,0,0,0,0,0,0,0,0,0,0,0,0,0,0,0,1
Ursus maritimus,790,-148.12426,2.37687319401866,1,1,1,0,0,1,1,1734,1734,326.44,0.4,43.775,224.6275,NA,NA,NA,309.95,0.2,106.20797,0.001160469707332,0.506817602368452,0.772507299938473,6.47639527332861,9.78414079490356,12.8258525795314,11.118940770354,12.9645392922108,0.166666666666667,16.9336999737082,34.12,64.66,NA,4,2,NA,10.8282244633839,-0.169243255878629,6.20141329532493,35.8462191348506,14.8058324570041,25.2303577317083,NA,149.443346819356,182.136850416822,866.298573680997,1307.92321731675,6.71051092911028,11.2550671434768,11.3264811814051,-4.95495407076518,0,1.64182328340091,1.70067531396819,0.589616712409528,6.11634832712721,7.1388670793106,0,0,1,0,0,0,0,0,0,0,0,0,0,0,0,0,0,0,0,0,0,1
Vicugna pacos,805,-105.614674,1.95850178430237,1,0,NA,NA,NA,NA,NA,432,500,213,NA,25.8,NA,NA,NA,NA,312.25,NA,345,NA,0.039220713153281,NA,8.88322423027899,NA,11.0348896640272,NA,NA,NA,NA,NA,NA,NA,NA,NA,NA,NA,NA,NA,NA,NA,NA,NA,NA,NA,NA,NA,NA,NA,NA,NA,NA,NA,NA,NA,NA,6.46146833260371,0,1,0,0,0,0,0,0,0,0,0,0,0,0,0,0,0,0,0,0,0,0
Vombatus ursinus,809,-125.032739,3.42025360040402,0,1,1,0,1,0,0,742.575,730,398.725,0.77,26.1,109.339,NA,NA,NA,NA,0.1,27.75,1.48019417475726E-05,0,0.692462486210258,-0.703197516413447,8.64822145382264,10.1561899060919,9.97480293265579,11.3534266261467,0.095238095238095,12.6457092663175,NA,30,NA,NA,1,NA,-28.47,-43.64,-36.05,152.32,138.71,145.51,0.01,64.51,129.65,610.73,973.38,NA,-2.52572864430826,-2.65926003693278,3.25501487148407,0,0.189470048492004,3.26614101733532,0,3.0909464362348,5.111988390766,0,0,0,0,0,0,0,0,1,0,0,0,0,0,0,0,0,0,0,0,0,1
Vulpes vulpes,804,-141.37352,4.31330599625547,1,1,1,0,1,1,0,304,304,49.71,1,15,63,NA,NA,13.731,311.85,0.3,52.17625,0.103829208785451,1.55445360410134,-0.000684694349687,4.61005822006087,7.24208235925696,8.42951977714646,8.99242413123332,8.74193546409414,0.619047619047619,18.0977509614938,14.01,52.5,NA,8,3,300,74.04,12.16,43.1,179.99,-179.99,0,0.04,46.58,34.32,407.98,646.29,5.41610040220442,1.25276296849537,1.25561603747777,0.095310179804325,NA,0.481048542310556,4.19629928474509,-0.072111517837627,5.35651009153371,8.30052863103829,0,0,1,0,0,0,0,0,0,0,0,0,0,0,0,0,0,0,0,0,0,1
Zalophus californianus,806,-129.13509,3.57958965104785,1,1,0,1,1,1,0,1643.625,1826,315,0.89,30,225.9485,NA,NA,NA,311.25,0.2,296.92,0.041719725733208,0.095310179804325,0.692462486210258,8.81856660819805,10.1266311038503,11.9741241946059,11.6082356447746,12.8739020181058,0.047619047619048,14.3142921870117,0,349.99,NA,NA,2,NA,13.8606324680705,-0.732859695341124,6.20141329532493,35.8462191348506,14.8058324570041,25.2303577317083,NA,149.336948006687,181.948970229234,851.319282115007,1328.33454157032,NA,2.29136197762343,-2.32215802360979,-0.693147180559945,NA,1.60049429345602,1.70700515984074,0.746954521856911,6.53428406356301,6.87005351564028,0,0,1,0,0,0,0,0,0,0,0,0,0,0,0,0,0,0,0,0,0,1
Homo sapiens,NA,-135.5015,2.771929,1,1,1,0,0,0,1,4745,5110,639,0.485,122.5,NA,0.0002,8,82.78,310.15,0.3,280,0.025897678729749,0,0.782228052999226,8.10545847029448,9.37160851957231,11.035454020877,NA,NA,NA,NA,NA,274.78,NA,NA,NA,NA,NA,NA,NA,NA,NA,NA,NA,NA,NA,NA,NA,NA,NA,NA,NA,NA,NA,NA,NA,NA,8.87556669199055,0,0,0,0,0,0,0,0,0,0,0,0,0,0,0,1,0,0,0,0,0,0
