"","Species","ClassActinopterygii","ClassAmphibia","ClassAves","ClassElasmobranchii","ClassHolocephali","ClassMammalia","ClassReptilia","ForStrat_terrestrial","ForStrat_aquatic","Activity.Nocturnal","Activity.Crepuscular","Activity.Diurnal","female_maturity_d","male_maturity_d","weaning_d","log_litterclutch_size_n","litters_or_clutches_per_y","log_inter_litterbirth_interval_y","log_birthhatching_weight_g","log_weaning_weight_g","log_adult_body_mass_g","infantMortalityRate_per_year","mortalityRateDoublingTime_y","metabolicRate_W","temperature_K","longevity_y","log_female_body_mass_g","log_male_body_mass_g","log_no_sex_body_mass","adult_svl_cm","diet_breadth","major_habitat_type_breadth","tnc_ecoregion_breadth","log_range_size","development_d","AA_83_Y","AA_30_negative","log_WOS_hits_synonyms","haddock_score_mean"
"1","Neovison vison",0,0,0,0,0,1,0,1,0,1,1,0,297.72262,371,49,1.56024766824333,1,-0.000684694349687224,2.15640258281596,4.70048036579242,6.80211694695914,NA,NA,2.722,312.15,10.69583333,7.01398524908304,7.44424864949671,6.49223983502047,43,0.4,9,27,16.494734848921,36.22062,1,1,7.55747290161475,-144.81476
"2","Acanthochromis polyacanthus",1,0,0,0,0,0,0,0,1,NA,NA,NA,NA,NA,NA,NA,NA,NA,NA,NA,NA,NA,NA,NA,NA,NA,NA,NA,NA,8.75,0.333333333333333,0.166666666666667,0.0948275862068965,18.2694552297157,NA,0,0,4.97673443207551,-120.65368
"3","Acinonyx jubatus",0,0,0,0,0,1,0,1,0,0,0,1,598.985,456,107,1.11185751541813,0.7,0.395145099532606,6.14274683130477,7.57044325205737,10.8312703964049,NA,NA,61.77,312.15,19,NA,NA,10.5570125393602,149.0215,0.1,0.5,0.30952380952381,15.4485083027574,178.12,1,1,6.69456218228346,-127.07811
"4","Alligator mississippiensis",0,0,0,0,0,0,1,NA,NA,NA,NA,NA,4605,4380,NA,3.68135118769314,1,NA,3.91202300542815,NA,11.0348896640272,NA,NA,0.1539,295.31,56,10.7747809184795,NA,10.7747809184795,NA,NA,0.375,0.154761904761905,13.9441097508128,65,1,0,7.30518828259734,-114.98521
"5","Alligator sinensis",0,0,0,0,0,0,1,NA,NA,NA,NA,NA,2191.44,NA,NA,3.00815479355255,1,NA,3.40119738166216,NA,9.58877680769643,NA,NA,NA,NA,60.7,9.28266103355581,NA,9.58877680769643,NA,NA,0.0625,0.0119047619047619,9.25832385881903,70,1,0,4.75359105317496,-114.48673
"6","Amblyraja radiata",0,0,0,1,0,0,0,0,1,NA,NA,NA,4015,1460,NA,3.43398720448515,NA,5.89989735358249,NA,NA,6.84933135884442,NA,NA,NA,NA,NA,NA,NA,NA,NA,0.833333333333333,0.416666666666667,0.120689655172414,17.9586382089394,NA,0,0,4.64439186067937,-127.13681
"7","Amphiprion ocellaris",1,0,0,0,0,0,0,0,1,NA,NA,NA,NA,NA,NA,NA,NA,NA,NA,NA,NA,NA,NA,NA,NA,NA,NA,NA,NA,NA,0.833333333333333,0.333333333333333,0.112068965517241,18.2694552297157,NA,0,0,4.92725440979462,-120.615436
"8","Anabas testudineus",1,0,0,0,0,0,0,1,0,NA,NA,NA,NA,NA,NA,NA,NA,NA,NA,NA,NA,NA,NA,NA,NA,8,NA,NA,NA,8.25,0.833333333333333,0.3125,0.428571428571429,17.4887385843817,NA,0,0,5.9814144637797,-148.27299
"9","Anarrhichthys ocellatus",1,0,0,0,0,0,0,0,1,NA,NA,NA,NA,NA,NA,NA,NA,NA,NA,NA,NA,NA,NA,NA,NA,NA,NA,NA,NA,NA,0.333333333333333,0.25,0.0387931034482759,18.277171336601,NA,0,0,1.94592443466756,-135.73343
"10","Anas platyrhynchos",0,0,1,0,0,0,0,1,1,0,0,1,365,365,NA,2.35280280915466,1,NA,3.42426265459315,NA,7.02197642307216,NA,NA,4.068,NA,29,7.00261080999482,7.09547888506509,7.01391547481053,57.5,0.5,0.75,0.464285714285714,16.4180697834653,26.5,0,0,7.98718478221241,-109.522796
"11","Anolis carolinensis",0,0,0,0,0,0,1,1,0,0,0,1,258.74,258.74,NA,0.262364264467491,6,NA,-1.51412773262978,NA,0.898126761246484,NA,NA,NA,NA,7,0.832909122935104,NA,0.959350221334602,4.9715,0.1,0.5,0.19047619047619,13.9827335458841,87,0,0,7.15539637996074,-119.235404
"12","Antrostomus carolinensis",0,0,1,0,0,0,0,NA,NA,NA,NA,NA,NA,NA,NA,0.693147180559945,1,0,NA,NA,4.74493212836325,NA,NA,NA,NA,14.83,4.68166815696082,4.70002571700077,4.74493212836325,NA,NA,0.3125,0.0476190476190476,11.7616303426972,20,0,1,1.6094579122341,-111.097844
"13","Aotus nancymaae",0,0,0,0,0,1,0,1,0,1,0,0,NA,NA,NA,0.0198026272961797,NA,NA,NA,NA,6.67333589372355,NA,NA,NA,NA,11.391667,NA,NA,NA,37,0.6,0.0625,0.0833333333333333,13.1077123299695,NA,1,1,4.70048127488291,-140.61918
"14","Aptenodytes forsteri",0,0,1,0,0,0,0,0,1,0,0,1,1825,2007,NA,0,1,0,NA,NA,10.3005844109738,NA,NA,NA,NA,20,10.2921455423279,10.5505907945947,10.2219412836547,115,0.2,NA,NA,NA,63.5,0,1,5.42053544175006,-116.162199
"15","Apteryx rowi",0,0,1,0,0,0,0,NA,NA,NA,NA,NA,1461,547.92,NA,0,1.25,NA,5.78382518232974,NA,7.86326672400957,NA,NA,NA,NA,35,7.91022370709734,7.70751219460034,7.8626896344485,NA,NA,0.0625,0.0119047619047619,5.4781160274636,79,0,0,1.6094579122341,-124.82624
"16","Archocentrus centrarchus",1,0,0,0,0,0,0,1,0,NA,NA,NA,NA,NA,NA,NA,NA,NA,NA,NA,NA,NA,NA,NA,NA,NA,NA,NA,NA,NA,NA,0.25,0.0595238095238095,16.9822825514204,NA,1,1,1.6094579122341,-140.53076
"17","Astatotilapia calliptera",1,0,0,0,0,0,0,1,0,NA,NA,NA,NA,NA,NA,NA,NA,NA,NA,NA,NA,NA,NA,NA,NA,NA,NA,NA,NA,NA,0.666666666666667,0.4375,0.142857142857143,17.2071673639548,NA,1,1,2.48491498308661,-167.815499
"18","Astyanax mexicanus",1,0,0,0,0,0,0,1,0,NA,NA,NA,NA,NA,NA,NA,NA,NA,NA,NA,NA,NA,NA,NA,NA,NA,NA,NA,NA,NA,0.166666666666667,0.5625,0.297619047619048,16.9822825514204,NA,0,0,5.77455185610337,-143.16457
"19","Athene cunicularia",0,0,1,0,0,0,0,1,0,1,0,0,365,365,NA,2.07944154167984,1.25,NA,2.18605127673809,NA,5.01462731536579,NA,NA,NA,NA,8.7,5.04985600724954,4.98565930802608,5.01063529409626,23,0.3,0.8125,0.464285714285714,16.2131406987404,28,0,1,5.87493101175087,-125.41848
"20","Austrofundulus limnaeus",1,0,0,0,0,0,0,1,0,NA,NA,NA,NA,NA,NA,NA,NA,NA,NA,NA,NA,NA,NA,NA,NA,NA,NA,NA,NA,NA,NA,0.125,0.0357142857142857,16.6856998472277,NA,1,1,4.49981078144076,-144.39074
"21","Aythya fuligula",0,0,1,0,0,0,0,0,1,0,0,1,365,365,NA,2.26176309847379,1,NA,3.52929738428947,NA,6.55322089954252,NA,NA,NA,NA,22,6.52576252705911,6.58340922215876,6.53777796380353,43.5,0.4,0.4375,0.19047619047619,14.1939285069306,24.5,0,0,5.44241814342213,-110.391508
"22","Balaenoptera acutorostrata",0,0,0,0,0,1,0,0,1,0,0,1,2740,2740,167.34,0,1,0.252001696502433,12.6760762747759,NA,15.8304135785065,NA,NA,NA,NA,48.5,NA,NA,16.0207033049497,786.4655,0.2,0.875,0.55952380952381,18.7286114974889,618.6127,1,0,6.1590955999084,-117.73942
"23","Betta splendens",1,0,0,0,0,0,0,1,0,NA,NA,NA,NA,NA,NA,NA,NA,NA,NA,NA,NA,NA,NA,NA,NA,2,NA,NA,NA,NA,0.333333333333333,0.4375,0.202380952380952,17.6988192395657,NA,0,1,6.13556510753193,-152.391588
"24","Boleophthalmus pectinirostris",1,0,0,0,0,0,0,1,1,NA,NA,NA,NA,NA,NA,NA,NA,NA,NA,NA,3.60277675506052,NA,NA,NA,NA,NA,NA,NA,NA,8.5,0.166666666666667,0.178571428571429,0.0537974683544304,18.5769126135796,NA,0,0,4.30406644455461,-124.717916
"25","Bos mutus",0,0,0,0,0,1,0,NA,NA,NA,NA,NA,NA,NA,NA,NA,NA,NA,NA,NA,NA,NA,NA,NA,NA,NA,NA,NA,NA,NA,NA,0.125,0.0476190476190476,13.0593990704501,NA,1,1,3.66356421022892,-128.36399
"26","Bos taurus",0,0,0,0,0,1,0,1,0,0,0,1,548,365.25,182.64,0,1,0,9.25272913846797,NA,13.335282678753,NA,NA,306.77,311.15,20,NA,NA,NA,310,0.1,NA,NA,NA,554,1,1,22.1351727465773,-128.36399
"27","Bubalus bubalis",0,0,0,0,0,1,0,1,0,1,1,1,553.53384,NA,228.135,0.318453731118535,1,0.222458852961783,10.5320962119585,NA,13.6258628301959,NA,NA,NA,311.25,31.883333,NA,NA,NA,282.476,0.1,NA,NA,NA,625.83246,1,1,8.41449581534101,-127.15986
"28","Calidris pugnax",0,0,1,0,0,0,0,NA,NA,NA,NA,NA,NA,NA,NA,NA,NA,NA,NA,NA,NA,NA,NA,NA,NA,NA,NA,NA,NA,NA,NA,NA,NA,NA,NA,0,1,4.97673443207551,-119.37294
"29","Callithrix jacchus",0,0,0,0,0,1,0,1,0,0,0,1,477,382,62,0.806475865866949,2,-0.798279566685737,3.30027146307219,4.57264699428253,5.54204755147063,NA,NA,0.848,309.15,16.25,NA,5.76832099579377,5.24702407216049,30,0.4,0.25,0.0833333333333333,13.7572136271558,288,1,1,8.12858522987302,-134.08256
"30","Callorhinchus milii",0,0,0,0,1,0,0,0,1,NA,NA,NA,1642,1095,NA,2.56494935746154,NA,5.89989735358249,NA,NA,7.9550742732627,NA,NA,NA,NA,NA,NA,NA,NA,NA,0.333333333333333,0.333333333333333,0.0775862068965517,17.8906553936286,NA,0,0,4.59512086023509,-108.549528
"31","Callorhinus ursinus",0,0,0,0,0,1,0,0,1,1,1,0,1461,2007,107,0,0.695,-0.000684694349687224,8.56252309005184,9.40178683654714,10.9235042248777,NA,NA,NA,NA,26,NA,10.2750511089686,NA,193.241,0.2,0.25,0.0952380952380952,16.6424748507472,494.74932,1,1,6.29894943067946,-138.61938
"32","Calypte anna",0,0,1,0,0,0,0,1,0,0,0,1,364.234,365,NA,0.693147180559945,2,NA,NA,NA,1.48160454092422,NA,NA,0.1175,NA,6.3,1.39500630172191,1.50407739677627,1.56861591791385,NA,0.2,0.25,0.107142857142857,13.1082963651502,16.25,0,1,4.76217478949825,-116.78836
"33","Camarhynchus parvulus",0,0,1,0,0,0,0,1,0,0,0,1,NA,NA,NA,NA,NA,NA,NA,NA,2.59151638484626,NA,NA,NA,NA,NA,NA,NA,2.59151638484626,NA,0.4,NA,NA,NA,NA,0,1,3.3322080815974,-119.38505
"34","Camelus bactrianus",0,0,0,0,0,1,0,1,0,0,0,1,1278.156,1278,319.289,0,0.5,0.692462486210258,10.4772879754635,NA,13.0710700830168,NA,NA,NA,NA,35.4,NA,NA,NA,345,0.1,NA,NA,NA,791.495,1,1,9.65066024686233,-115.58817
"35","Camelus dromedarius",0,0,0,0,0,1,0,1,0,0,0,1,1252.0934,2191,472.63934,0,0.7,0.514031979907788,10.5153052291052,12.4430559836506,12.9807998130825,NA,NA,224.779,310.65,40,NA,NA,12.9165684644247,345,0.1,NA,NA,NA,800.755,1,1,7.74673295096883,-115.58817
"36","Camelus ferus",0,0,0,0,0,1,0,NA,NA,NA,NA,NA,NA,NA,NA,NA,NA,NA,NA,NA,NA,NA,NA,NA,NA,NA,NA,NA,NA,NA,NA,0.125,0.0357142857142857,12.2167114758521,NA,1,1,11.5309248576118,-115.58817
"37","Capra hircus",0,0,0,0,0,1,0,1,0,0,1,1,446.488,685,159.02,0.405465108108164,1,0.110685122743941,7.71868549519847,NA,11.0103986440189,NA,NA,NA,312.45,20.8,NA,NA,NA,160,0.1,NA,NA,NA,310.5,1,1,7.59538732913049,-128.86939
"38","Carassius auratus",1,0,0,0,0,0,0,1,1,NA,NA,NA,NA,NA,NA,NA,NA,NA,NA,NA,2.0188950418118,NA,NA,NA,NA,NA,NA,NA,NA,10.5,0.666666666666667,0.857142857142857,0.382911392405063,18.8574585216496,NA,1,0,8.86883550689753,-125.192651
"39","Cariama cristata",0,0,1,0,0,0,0,1,0,0,0,1,NA,NA,NA,0.78845736036427,NA,NA,3.77276093809464,NA,7.36201055125973,NA,NA,NA,NA,NA,7.46737106691756,NA,7.24422751560335,NA,0.5,0.4375,0.226190476190476,15.5958742379957,25.5,0,1,3.13549856374578,-117.45045
"40","Catharus ustulatus",0,0,1,0,0,0,0,1,0,0,0,1,365,365,NA,1.2947271675944,1,NA,1.3609765531356,NA,3.40341724926521,NA,NA,NA,NA,11,3.41608599415591,3.39114704580865,3.41114771251532,18,0.2,NA,NA,NA,12.5,0,1,4.94164313689476,-121.83614
"41","Cavia porcellus",0,0,0,0,0,1,0,1,0,0,1,0,68.481,76.5,17.52208,1.23837423104327,5,-1.33623384228797,4.42902948826922,5.35974166853504,6.46006093665624,NA,NA,2.13,312.15,12,NA,6.70073110954781,6.46006093665624,40,0.1,NA,NA,NA,135.495,1,1,6.78671706347189,-124.06666
"42","Cebus capucinus",0,0,0,0,0,1,0,1,0,0,0,1,1505,2921,521,0,0.5,0.780165972522084,5.45371726577573,7.20785987143248,7.88419993367604,NA,NA,NA,NA,54,NA,NA,NA,47.141,0.6,NA,NA,NA,324,1,1,6.32614965204596,-136.96867
"43","Ceratotherium simum",0,0,0,0,0,1,0,1,0,1,1,1,2026.12452,1643,365,0,0.42,0.995227157689664,10.8428436224879,12.5226422391395,14.6175121434363,NA,NA,NA,NA,45,NA,NA,NA,339.3405,0.1,0.5625,0.369047619047619,16.3514559391912,1030,1,1,5.95583762853216,-132.3793
"44","Cercocebus atys",0,0,0,0,0,1,0,1,0,0,0,1,1318.86,NA,NA,0.00498754151103897,1,0.17326861058738,6.26752307716857,NA,9.08000387024818,NA,NA,NA,NA,27,8.71053711149193,9.34382176335066,NA,77.4,0.3,0.1875,0.0476190476190476,12.6646535481118,167,1,1,5.3890721864374,-134.52038
"45","Chaetura pelagica",0,0,1,0,0,0,0,1,0,0,0,1,365,365,NA,1.50407739677627,1,NA,0.22314355131421,NA,3.15700042115011,NA,NA,NA,NA,14,NA,3.13549421592915,3.16124671203156,13,0.1,NA,NA,NA,20,0,1,3.52636346578831,-130.12471
"46","Chanos chanos",1,0,0,0,0,0,0,1,1,NA,NA,NA,2372,2281,NA,NA,NA,NA,NA,NA,NA,NA,NA,NA,NA,NA,NA,NA,NA,15.2533333333333,NA,0.607142857142857,0.341772151898734,19.5594805330409,NA,0,0,6.26530140285176,-141.01026
"47","Charadrius vociferus",0,0,1,0,0,0,0,1,0,0,0,1,365,365,NA,1.38629436111989,15,NA,2.287471455184,NA,4.54621604314442,NA,NA,NA,NA,10.9,4.61512051684126,4.52287494326126,4.46923590874726,NA,0.2,0.6875,0.380952380952381,15.7891571578985,24.55,0,0,4.17438880835599,-111.470997
"48","Chelonia mydas",0,0,0,0,0,0,1,NA,NA,NA,NA,NA,3650,3650,NA,4.72295322164447,1.03,NA,3.17387845893747,NA,11.982929094216,NA,NA,NA,NA,75,11.7605664878848,NA,11.6028505986781,NA,NA,0.4375,0.261904761904762,18.992714693698,118,1,0,7.90322684568565,-116.82432
"49","Chelonoidis abingdonii",0,0,0,0,0,0,1,NA,NA,NA,NA,NA,NA,NA,NA,2.30258509299405,3.3333821,NA,NA,NA,12.0725412529057,NA,NA,NA,NA,70,NA,NA,12.0320168331533,NA,NA,NA,NA,NA,112,0,0,3.4339904302864,-126.44506
"50","Chinchilla lanigera",0,0,0,0,0,1,0,1,0,1,1,0,240,241.76,54,0.521765563804325,2,NA,3.67046086858992,NA,6.18414889093748,NA,NA,1.31,307.85,17.166667,6.04500531403601,6.03344586934808,6.07924646049152,34.25,0.1,0.0625,0.0119047619047619,10.1061343419096,223.47,1,1,5.79605805471669,-136.234253
"51","Chiroxiphia lanceolata",0,0,1,0,0,0,0,1,0,0,0,1,NA,NA,NA,0.693147180559945,NA,NA,NA,NA,2.91777073208428,NA,NA,NA,NA,NA,NA,NA,2.91777073208428,NA,0.2,0.375,0.166666666666667,12.9483963960191,NA,0,1,3.2188798248602,-127.13093
"52","Chlamydotis macqueenii",0,0,1,0,0,0,0,NA,NA,NA,NA,NA,545.202,NA,NA,0.916290731874155,1,NA,NA,NA,7.31488566640936,NA,NA,NA,NA,12.5,7.17011954344963,7.58069975222456,NA,NA,NA,0.5,0.273809523809524,15.5940557195971,23.5,0,1,4.80402186440505,-130.18515
"53","Chlorocebus aethiops",0,0,0,0,0,1,0,1,0,0,0,1,1318.86,1825,212.74764,0,1,0.17326861058738,5.78657524359634,6.9433637064495,8.53782880501631,NA,NA,NA,309.95,30.691667,8.34711636103872,8.6795671104005,NA,66,0.4,0.3125,0.107142857142857,13.9519538227714,329.99,1,1,7.17088855537645,-137.50229
"54","Chlorocebus sabaeus",0,0,0,0,0,1,0,1,0,0,0,1,1318.86,1825,212.74764,0,1,0.17326861058738,5.78657524359634,6.9433637064495,8.53782880501631,NA,NA,NA,NA,30.345833,8.34711636103872,8.6795671104005,NA,66,0.4,0.25,0.0833333333333333,14.2323336034292,167.99,1,1,4.27666750790398,-134.8058
"55","Chrysemys picta",0,0,0,0,0,0,1,NA,NA,NA,NA,NA,2556.68,1642,NA,1.79175946922805,2,NA,NA,NA,5.91835607528734,NA,NA,0.0236,289.5,61,5.93489419561959,NA,5.97888576490112,NA,NA,NA,NA,NA,68.5,1,0,7.26612884943765,-120.20015
"56","Chrysochloris asiatica",0,0,0,0,0,1,0,1,0,1,0,0,NA,NA,75.26,1.13783300182139,NA,NA,-0.891598119283784,NA,3.60902422886447,NA,NA,NA,NA,2.408333,NA,NA,NA,10.825,0.1,0.125,0.0357142857142857,10.6374788700756,NA,0,0,2.83321922639186,-119.44585
"57","Clupea harengus",1,0,0,0,0,0,0,1,1,NA,NA,NA,1095,1095,NA,NA,NA,NA,NA,NA,5.04234926958578,NA,NA,NA,NA,NA,NA,NA,NA,25,NA,0.5,0.161392405063291,18.2201067658162,NA,0,1,8.10560943248402,-129.0867
"58","Condylura cristata",0,0,0,0,0,1,0,1,0,1,1,1,304.16,304,24,1.48613969608961,1,NA,0.405465108108164,3.40119738166216,3.95412418144678,NA,NA,0.615,310.85,2.5,NA,NA,3.89182029811063,12.1325,0.2,0.25,0.19047619047619,15.064550651631,80,0,1,3.80666471199007,-115.64345
"59","Corapipo altera",0,0,1,0,0,0,0,1,0,0,0,1,NA,NA,NA,0.693147180559945,NA,NA,NA,NA,2.46809953147162,NA,NA,NA,NA,NA,2.53369681395743,2.3887627892351,NA,NA,0.2,NA,NA,NA,NA,0,1,2.77259497222025,-109.882518
"60","Corvus moneduloides",0,0,1,0,0,0,0,1,0,0,0,1,NA,NA,NA,0.993251773010283,NA,NA,NA,NA,5.73334127689775,NA,NA,NA,NA,NA,5.51745289646471,5.73334127689775,NA,40,0.6,0.0625,0.0119047619047619,9.74440083188314,NA,0,1,4.76217478949825,-126.950654
"61","Cottoperca gobio",1,0,0,0,0,0,0,0,1,NA,NA,NA,NA,NA,NA,NA,NA,NA,NA,NA,NA,NA,NA,NA,NA,NA,NA,NA,NA,NA,0.5,0.166666666666667,0.0301724137931034,17.6930920186766,NA,1,0,2.39790436366614,-141.0667
"62","Coturnix japonica",0,0,1,0,0,0,0,1,0,0,0,1,213.234,52,NA,2.32238772029023,1.25,NA,2.18661291674163,NA,4.57057874121847,0.07,1.2,NA,NA,6.791667,4.62742079492291,4.53528405852393,4.60517018598809,18.5,0.2,0.25,0.0714285714285714,12.52686397855,17,0,0,8.14873483784726,-107.6108
"63","Crocodylus porosus",0,0,0,0,0,0,1,NA,NA,NA,NA,NA,3652.5,5843.92,NA,3.86703338005323,1,NA,4.30135873160643,NA,12.2060726455302,NA,NA,NA,NA,41.7,11.2733984344055,NA,11.2733984344055,NA,NA,0.5,0.619047619047619,15.6147782754868,87.5,1,0,6.28785874603537,-109.494096
"64","Crocuta crocuta",0,0,0,0,0,1,0,1,0,1,1,0,1049.694,639,321.70852,0.693147180559945,1,0.197537176570332,7.23705902612474,9.58190392840867,11.0508900053737,NA,NA,NA,NA,41.1,NA,10.7144177687525,NA,137.9055,0.1,0.5,0.333333333333333,16.4879257481793,220,1,1,6.67456151807704,-138.07947
"65","Cuculus canorus",0,0,1,0,0,0,0,1,0,0,0,1,365,365,NA,2.21920348405499,12,NA,0.955511445027436,NA,4.71402459090017,NA,NA,0.838,NA,12.908333,4.66343909411207,4.76217393479776,4.71492104994721,NA,0.2,NA,NA,NA,12.5,0,1,6.70930446220951,-114.14633
"66","Cyanistes caeruleus",0,0,1,0,0,0,0,NA,NA,NA,NA,NA,365,365,NA,2.07944154167984,1.5,NA,-0.210721031315653,NA,2.41591377830105,NA,NA,NA,NA,14.6,2.41591377830105,2.4466854369678,2.41591377830105,NA,NA,0.5,0.369047619047619,15.9866110521216,13.5,0,1,7.05789802347037,-122.866185
"67","Cynoglossus semilaevis",1,0,0,0,0,0,0,1,1,NA,NA,NA,NA,NA,NA,NA,NA,NA,NA,NA,NA,NA,NA,NA,NA,NA,NA,NA,NA,NA,0.333333333333333,0.0714285714285714,0.00632911392405063,17.77620706027,NA,0,1,6.00635340590712,-139.79225
"68","Cyprinodon variegatus",1,0,0,0,0,0,0,1,1,NA,NA,NA,NA,NA,NA,NA,NA,NA,NA,NA,NA,NA,NA,NA,NA,NA,NA,NA,NA,2.2,NA,0.464285714285714,0.107594936708861,17.945638768256,NA,1,0,5.88610430922789,-142.10974
"69","Danio rerio",1,0,0,0,0,0,0,1,0,NA,NA,NA,NA,NA,NA,NA,NA,NA,NA,NA,NA,NA,NA,NA,NA,NA,NA,NA,NA,NA,0.333333333333333,0.375,0.202380952380952,18.0965484717093,NA,1,0,9.56682530486396,-135.488978
"70","Dasypus novemcinctus",0,0,0,0,0,1,0,1,0,1,0,0,385.35594,365,136.981,1.38629436111989,1,NA,4.19215162222501,NA,8.2812201935701,NA,NA,4.655,307.65,18.65,NA,NA,8.13555202603107,50.7895,0.1,0.75,0.869047619047619,16.7173339214728,266,0,1,6.41345912110177,-120.27585
"71","Delphinapterus leucas",0,0,0,0,0,1,0,0,1,1,1,1,1710.80756,2283,687.8536,0.0198026272961797,0.33,1.01104074026631,11.0974100210086,NA,14.1375940571334,NA,NA,NA,308.95,40,NA,NA,13.899851706398,442.4915,0.2,0.1875,0.166666666666667,16.0899469747857,825.05984,1,0,7.10085199138428,-121.90408
"72","Denticeps clupeoides",1,0,0,0,0,0,0,1,0,NA,NA,NA,NA,NA,NA,NA,NA,NA,NA,NA,NA,NA,NA,NA,NA,NA,NA,NA,NA,NA,NA,0.1875,0.0476190476190476,17.2071673639548,NA,0,0,1.6094579122341,-144.464003
"73","Desmodus rotundus",0,0,0,0,0,1,0,1,0,1,0,0,285,285,274,0,1.26,-0.234241872981752,2.07944154167984,NA,3.5019472847623,NA,NA,0.194,308.15,29.2,NA,NA,3.38099467434464,8.55,0.1,0.75,0.845238095238095,16.6905722528934,378,1,1,6.20859022730385,-123.64353
"74","Dipodomys ordii",0,0,0,0,0,1,0,1,0,1,0,0,78.82924,NA,34.19634,1.14740245283754,2,-0.937912251352248,1.60843741210052,NA,3.90399083373088,NA,NA,0.339,307.75,9.9,NA,4.03069453514564,3.86702563949741,15.696,0.4,0.375,0.19047619047619,15.04507257191,58.91082,1,1,4.66344003750785,-116.23534
"75","Dromaius novaehollandiae",0,0,1,0,0,0,0,1,0,0,0,1,726.936,NA,NA,2.2512917986065,1.499938,NA,NA,NA,10.4968143978139,NA,NA,NA,NA,16.6,10.517997287579,10.3734911817819,10.4744670991219,NA,0.4,0.4375,0.130952380952381,15.2590706742533,56,0,0,5.99645233737521,-114.98527
"76","Echeneis naucrates",1,0,0,0,0,0,0,0,1,NA,NA,NA,NA,NA,NA,NA,NA,NA,NA,NA,7.15656657704492,NA,NA,NA,NA,NA,NA,NA,NA,NA,0.166666666666667,0.916666666666667,0.487068965517241,19.5049885716527,NA,1,0,3.63758879130187,-140.94694
"77","Echinops telfairi",0,0,0,0,0,1,0,1,0,1,0,0,278.42,365,29,1.70292825552144,1,NA,2.03731661537916,3.91202300542815,5.11274051703341,NA,NA,0.75,307.85,13,NA,NA,4.75703253529734,17,0.2,0.0625,0.0238095238095238,11.6173229768388,112.8284,0,0,4.26268128549103,-119.269378
"78","Electrophorus electricus",1,0,0,0,0,0,0,1,0,NA,NA,NA,NA,NA,NA,NA,NA,NA,NA,NA,NA,NA,NA,NA,NA,NA,NA,NA,NA,NA,NA,0.1875,0.333333333333333,16.6856998472277,NA,0,0,6.37161201817201,-129.18118
"79","Elephantulus edwardii",0,0,0,0,0,1,0,1,0,0,0,1,NA,NA,27.28,0.587786664902119,NA,NA,2.47653840011748,NA,3.90901849640785,NA,NA,0.303,310.75,5.658333,NA,NA,NA,14.943,0.1,0.1875,0.0714285714285714,12.1745739902074,NA,0,1,2.77259497222025,-121.14727
"80","Empidonax traillii",0,0,1,0,0,0,0,1,0,0,0,1,365,365,NA,1.25276296849537,1,NA,NA,NA,2.58399755243223,NA,NA,NA,NA,7,2.61739583283408,2.57261223020711,2.53369681395743,NA,0.2,NA,NA,NA,13.9,0,1,4.75359105317496,-118.58722
"81","Enhydra lutris",0,0,0,0,0,1,0,0,1,0,1,1,659.435,1369,175.30786,0,0.83,-0.000684694349687224,7.55442387162048,9.43673822231057,6.84933135884442,NA,NA,98.479,310.65,30,9.97580821411575,10.3981837943722,9.5386832259541,34.9,0.2,0.25,0.0476190476190476,14.5215988876613,356.0956,1,1,6.40025761142176,-150.46164
"82","Eptesicus fuscus",0,0,0,0,0,1,0,1,0,1,0,0,471.145,730,34.18,0.654925967739748,1,-0.000684694349687224,1.2683550632552,2.72129542785223,2.84461864388423,NA,NA,0.113,309.15,19,NA,NA,2.58776403522771,7.5,0.1,0.875,0.5,16.3647118828827,78.57,1,1,7.30787284778783,-123.85228
"83","Equus asinus",0,0,0,0,0,1,0,1,0,1,1,1,708,1005,152.2,0,NA,0,10.2836345107796,10.3889953683178,12.0508750845807,NA,NA,164.92,NA,47,NA,NA,12.0867258878976,200,0.1,NA,NA,NA,720.65946,1,1,13.9216763569245,-126.31077
"84","Equus caballus",0,0,0,0,0,1,0,1,0,1,1,1,914,973,274,0,1,0.4052369287439,10.5427063910705,NA,12.4292161968444,2e-04,4,NA,311.45,62,NA,13.0170028617465,NA,280,0.1,NA,NA,NA,674.985,1,1,12.7889617374323,-124.52821
"85","Equus przewalskii",0,0,0,0,0,1,0,NA,NA,NA,NA,NA,NA,NA,NA,NA,NA,NA,NA,NA,NA,NA,NA,NA,NA,NA,NA,NA,NA,NA,NA,NA,NA,NA,NA,1,1,5.39816315400634,-124.52821
"86","Erinaceus europaeus",0,0,0,0,0,1,0,1,0,1,0,0,265.8,253,41.70366,1.43983512804792,1.58,NA,2.74855214441154,5.45958551414416,6.65666225476097,NA,NA,2.434,307.15,14,NA,6.49978704065585,7.10126402516666,26.8585,0.3,0.375,0.285714285714286,15.1528864597494,66.06754,1,1,6.5778614968031,-119.084315
"87","Erpetoichthys calabaricus",1,0,0,0,0,0,0,1,0,NA,NA,NA,NA,NA,NA,NA,NA,NA,NA,NA,NA,NA,NA,NA,NA,NA,NA,NA,NA,NA,0.166666666666667,0.25,0.107142857142857,17.2071673639548,NA,0,0,4.27666750790398,-127.99479
"88","Esox lucius",1,0,0,0,0,0,0,1,1,NA,NA,NA,1116,889,NA,NA,NA,NA,NA,NA,8.0899501563915,NA,NA,NA,NA,NA,NA,NA,NA,36.92,NA,0.392857142857143,0.208860759493671,18.6159875307998,NA,0,0,7.65444327386348,-143.52931
"89","Etheostoma spectabile",1,0,0,0,0,0,0,1,0,NA,NA,NA,NA,NA,NA,NA,NA,NA,NA,NA,NA,NA,NA,NA,NA,NA,NA,NA,NA,NA,0.333333333333333,0.375,0.214285714285714,16.9822825514204,NA,0,0,4.27666750790398,-148.23537
"90","Eumetopias jubatus",0,0,0,0,0,1,0,0,1,1,1,0,1803.125,2420,351,0,1,-0.000684694349687224,9.83226004324776,11.5769325949445,12.8543968696354,NA,NA,NA,NA,30,12.5172270741671,13.8155105579643,NA,297.1355,0.1,0.25,0.0952380952380952,15.7216571399059,582.05,1,1,6.55393354647594,-126.76689
"91","Eurypyga helias",0,0,1,0,0,0,0,1,1,0,0,1,NA,NA,NA,0.693147180559945,NA,NA,NA,NA,5.40605006635092,NA,NA,NA,NA,15,5.29831736654804,5.46806014113513,5.4249500174814,NA,0.3,0.375,0.630952380952381,15.946501364808,27,0,0,1.3863193608074,-115.371366
"92","Falco cherrug",0,0,1,0,0,0,0,1,0,0,0,1,726.936,NA,NA,1.38629436111989,1,NA,NA,NA,6.90274273715859,NA,NA,NA,NA,25,6.99736743767182,6.76849321164863,6.89517649677528,52.5,0.2,0.375,0.273809523809524,14.6227242093746,29,0,1,4.59512086023509,-119.64134
"93","Felis catus",0,0,0,0,0,1,0,1,0,1,1,1,304,304,81.505,1.30562645805244,2.02,-1.02443099634523,4.62369749060197,6.45660480682052,8.42794221749148,NA,NA,NA,311.25,19,NA,NA,NA,62.4255,0.1,NA,NA,NA,129,1,1,7.78113855159867,-129.12293
"94","Ficedula albicollis",0,0,1,0,0,0,0,1,0,0,0,1,364.234,365,NA,1.79175946922805,1,NA,NA,NA,2.52972066557779,NA,NA,NA,NA,7.916667,2.52572864430826,2.55722731136763,2.47653840011748,NA,0.2,NA,NA,NA,NA,0,1,6.00388731402009,-126.3911
"95","Fulmarus glacialis",0,0,1,0,0,0,0,0,1,0,0,1,2561,2200,NA,0,1,NA,4.17438726989564,NA,6.66568371778241,NA,NA,NA,NA,51,6.53160622520803,6.73340189183736,6.67834211465433,NA,0.2,0.3125,0.214285714285714,17.1790075645389,49,0,0,5.80211867749182,-107.961664
"96","Fundulus heteroclitus",1,0,0,0,0,0,0,1,1,NA,NA,NA,NA,NA,NA,NA,NA,NA,NA,NA,NA,NA,NA,NA,NA,NA,NA,NA,NA,NA,0.5,0.321428571428571,0.069620253164557,18.6129931605775,NA,1,1,8.04334220256496,-141.661019
"97","Gadus morhua",1,0,0,0,0,0,0,1,1,NA,NA,NA,790,778,NA,NA,NA,NA,NA,NA,8.3787577937914,NA,NA,NA,NA,NA,NA,NA,NA,63.6666666666667,NA,0.321428571428571,0.145569620253165,18.2650469086555,NA,0,1,9.27584718354423,-123.1413
"98","Gallus gallus",0,0,1,0,0,0,0,1,0,0,0,1,NA,NA,NA,1.79175946922805,1,NA,3.2188758248682,NA,6.81618808545665,NA,NA,6.005,NA,30,6.46692202703618,6.81399389916766,7.74066440191724,43.5,0.4,0.5,0.654761904761905,15.4642194390532,20.5,0,0,8.38981428480335,-106.379904
"99","Gavia stellata",0,0,1,0,0,0,0,0,1,0,0,1,1001.835,1095,NA,0.693147180559945,1,NA,4.00369019395397,NA,7.37963215260955,NA,NA,NA,NA,23.7,7.29776828253138,7.45529848568329,7.34196980037629,NA,0.2,NA,NA,NA,27.5,0,1,4.02535347644784,-126.17221
"100","Gavialis gangeticus",0,0,0,0,0,0,1,NA,NA,NA,NA,NA,3652.5,4748.25,NA,3.66100067733897,1,0,4.62986279857846,NA,11.9381932003746,NA,NA,NA,NA,28.8,NA,NA,11.8981878657609,NA,NA,0.0625,0.0238095238095238,10.0356013455245,150,1,0,4.20469411192717,-119.398944
"101","Gekko japonicus",0,0,0,0,0,0,1,1,0,1,0,0,NA,NA,NA,NA,NA,NA,-0.642313192698093,NA,0.932683144177681,NA,NA,NA,NA,NA,NA,NA,NA,NA,0.1,0.1875,0.178571428571429,14.4603835949295,NA,0,1,4.18965625717679,-128.15995
"102","Geospiza fortis",0,0,1,0,0,0,0,1,0,0,0,1,365.25,NA,NA,NA,NA,NA,NA,NA,3.17805383034795,NA,NA,NA,NA,NA,NA,2.90690105984738,3.19867311755068,NA,0.4,0.0625,0.0119047619047619,8.94895886882957,NA,0,1,4.51086060541734,-123.2487
"103","Globicephala melas",0,0,0,0,0,1,0,0,1,1,1,0,2472.01192,4380,725.515,0,0.2428571,NA,11.6052037805885,NA,13.8737794660882,0.015,10,NA,NA,49.783333,NA,NA,15.1531397471029,709.2875,0.2,0.5,0.226190476190476,18.7062104077881,903.4514,1,0,5.87493101175087,-116.2425
"104","Gopherus evgoodei",0,0,0,0,0,0,1,NA,NA,NA,NA,NA,NA,NA,NA,NA,NA,NA,NA,NA,NA,NA,NA,NA,NA,NA,NA,NA,NA,NA,NA,0.125,0.0357142857142857,10.2072880364456,NA,0,0,9.99950003332973e-05,-113.154478
"105","Gorilla gorilla",0,0,0,0,0,1,0,1,0,0,0,1,2829,4015,834,0.00498754151103897,0.3,1.35352507250274,7.63626960337937,9.44105518878671,11.7457460424666,NA,NA,NA,308.65,50.2,NA,11.805595078933,NA,167.222,0.2,0.125,0.0714285714285714,13.4538472637307,513,1,1,7.3670771230522,-133.78014
"106","Gouania willdenowi",1,0,0,0,0,0,0,0,1,NA,NA,NA,NA,NA,NA,NA,NA,NA,NA,NA,NA,NA,NA,NA,NA,NA,NA,NA,NA,NA,NA,0.0833333333333333,0.0129310344827586,14.9125986605599,NA,0,0,0.693197179309987,-140.53371
"107","Haliaeetus leucocephalus",0,0,1,0,0,0,0,1,1,0,0,1,1460,1460,NA,0.693147180559945,1,NA,NA,NA,8.46379241468912,NA,NA,NA,NA,32.966667,8.58485183989005,8.32603268595508,8.51719319141624,80,0.4,0.625,0.30952380952381,15.0558084432443,35,0,1,6.31716486725268,-119.22261
"108","Haplochromis burtoni",1,0,0,0,0,0,0,NA,0,NA,NA,NA,NA,NA,NA,NA,NA,NA,NA,NA,NA,NA,NA,NA,NA,NA,NA,NA,NA,NA,1,0.25,0.0714285714285714,17.2071673639548,NA,1,1,5.97126209489247,-139.65911
"109","Heterocephalus glaber",0,0,0,0,0,1,0,1,0,1,1,1,228,NA,35.80506,2.19165353228676,3.5,-1.504899084269,0.662687973075237,2.39789527279837,3.55534806148941,NA,NA,0.128,305.25,28.3,NA,NA,3.56388296393925,11.0805,0.1,0.25,0.0952380952380952,14.1154305119567,140,1,1,6.13339825991636,-137.113077
"110","Hippocampus comes",1,0,0,0,0,0,0,0,1,NA,NA,NA,NA,NA,NA,NA,NA,NA,NA,NA,2.0949457282158,NA,NA,NA,NA,NA,NA,NA,NA,NA,0.166666666666667,0.25,0.0689655172413793,17.9808702734705,NA,0,0,3.4339904302864,-133.49098
"111","Hipposideros armiger",0,0,0,0,0,1,0,1,0,1,0,0,NA,NA,NA,NA,NA,NA,NA,NA,3.91182298542548,NA,NA,NA,NA,NA,3.73766961828337,3.80666248977032,NA,NA,0.1,0.5625,0.464285714285714,15.3141083298877,NA,1,1,4.09434622888738,-142.58683
"112","Homo sapiens",0,0,0,0,0,1,0,1,0,0,0,1,4745,5110,639,0,0.485,0.782228052999226,8.10545847029448,9.37160851957231,11.035454020877,2e-04,8,82.78,310.15,122.5,NA,NA,11.1562505210315,NA,0.3,NA,NA,NA,560,1,1,8.87346806933923,-135.50147
"113","Hylobates moloch",0,0,0,0,0,1,0,1,0,0,0,1,2849.06286,1825,600.50228,0,0.475,0.852663317685898,5.7571810513809,6.97541392745595,8.70754905323851,NA,NA,NA,NA,40,NA,NA,NA,63.5,0.3,0.0625,0.0238095238095238,10.5772472745021,460,1,1,4.18965625717679,-131.90707
"114","Ictalurus punctatus",1,0,0,0,0,0,0,1,0,NA,NA,NA,NA,NA,NA,NA,NA,NA,NA,NA,3.98898404656427,NA,NA,NA,NA,NA,NA,NA,NA,35.35,0.833333333333333,0.75,0.380952380952381,18.707525055553,NA,0,0,8.36962085012945,-127.34354
"115","Jaculus jaculus",0,0,0,0,0,1,0,1,0,1,0,0,326.88264,137,51,1.17557332980424,1.5,-1.38834987223614,0.693147180559945,2.99573227355399,4.05004430332552,NA,NA,0.515,310.65,6.741667,NA,NA,4.31748811353631,10.218,0.2,0.5625,0.273809523809524,15.9087830842451,76,1,1,4.00733500341264,-133.77263
"116","Kryptolebias marmoratus",1,0,0,0,0,0,0,1,1,NA,NA,NA,NA,NA,NA,NA,NA,NA,NA,NA,NA,NA,NA,NA,NA,NA,NA,NA,NA,NA,0.666666666666667,0.285714285714286,0.0632911392405063,18.1131425129999,NA,1,0,5.95842495142768,-136.10654
"117","Labrus bergylta",1,0,0,0,0,0,0,0,1,NA,NA,NA,2737,NA,NA,NA,NA,NA,NA,NA,5.90458016740145,NA,NA,NA,NA,NA,NA,NA,NA,NA,0.666666666666667,0.0833333333333333,0.0431034482758621,17.2652827995432,NA,1,0,4.77912433344731,-132.86459
"118","Lagenorhynchus obliquidens",0,0,0,0,0,1,0,0,1,1,1,1,3833.468,NA,NA,0,0.212766,NA,9.5468126085974,NA,11.5424842672118,NA,NA,NA,NA,30.691667,NA,NA,11.8204101647182,265.331,0.2,0.3125,0.0952380952380952,16.5428759885822,639.01,1,0,4.4067204667757,-115.762468
"119","Larimichthys crocea",1,0,0,0,0,0,0,0,1,NA,NA,NA,NA,NA,NA,NA,NA,NA,NA,NA,NA,NA,NA,NA,NA,NA,NA,NA,NA,12.3,0.5,0.166666666666667,0.0301724137931034,17.8189566186371,NA,0,1,6.53087777349847,-125.31528
"120","Lates calcarifer",1,0,0,0,0,0,0,1,1,NA,NA,NA,NA,NA,NA,NA,NA,NA,NA,NA,NA,NA,NA,NA,NA,NA,NA,NA,NA,NA,NA,0.392857142857143,0.186708860759494,18.8569538168793,NA,1,0,7.22838852414254,-140.16613
"121","Lepidothrix coronata",0,0,1,0,0,0,0,1,0,0,0,1,NA,NA,NA,0.693147180559945,NA,NA,NA,NA,2.10819091447999,NA,NA,NA,NA,NA,2.15176220325946,2.08567209143047,2.09186406167839,NA,0.2,0.25,0.369047619047619,14.9852680015496,NA,0,1,2.77259497222025,-125.55076
"122","Lepisosteus oculatus",1,0,0,0,0,0,0,1,0,NA,NA,NA,NA,NA,NA,NA,NA,NA,NA,NA,NA,NA,NA,NA,NA,NA,NA,NA,NA,NA,0.333333333333333,0.3125,0.202380952380952,16.9822825514204,NA,0,1,4.86753521968606,-131.81506
"123","Leptosomus discolor",0,0,1,0,0,0,0,1,0,0,0,1,NA,NA,NA,NA,NA,NA,NA,NA,5.56356209388088,NA,NA,NA,NA,NA,NA,NA,5.56356209388088,NA,0.2,0.25,0.0714285714285714,13.2927425735806,NA,0,1,1.3863193608074,-133.55929
"124","Lipotes vexillifer",0,0,0,0,0,1,0,0,1,0,0,1,3144.583,NA,NA,0,0.635,0.692462486210258,9.35818262402039,9.21140780206992,11.4908757468555,NA,NA,NA,NA,23.229167,NA,NA,11.3144745262464,210.086,0.1,0.0625,0.0119047619047619,10.1707524771949,638.474,0,0,4.04305302221898,-122.5645
"125","Lonchura striata",0,0,1,0,0,0,0,1,0,0,0,1,NA,NA,NA,1.6094379124341,NA,NA,NA,NA,2.50959926237837,0.1,2.5,0.21538,NA,10,NA,NA,2.50959926237837,NA,0.2,0.4375,0.607142857142857,15.5073885707747,13.5,0,1,5.09375081430351,-125.50581
"126","Loxodonta africana",0,0,0,0,0,1,0,1,0,1,1,1,4253.80718,3650,1088.8,0,0.21,1.54191067138595,11.5617156291397,13.3046849341983,15.3195879547405,0.002,8,NA,309.35,65,NA,15.2891287472558,NA,750,0.1,0.5625,0.345238095238095,15.0189787076265,1339.68,0,1,7.40671079089409,-120.63379
"127","Lynx canadensis",0,0,0,0,0,1,0,1,0,1,0,0,535.6736,573,152,1.16002091679675,1,-0.000684694349687224,5.31811999384422,NA,9.17810846015857,NA,NA,NA,NA,26.766667,NA,NA,NA,80.615,0.2,0.3125,0.202380952380952,15.9351288209675,126,1,1,5.40267783232263,-126.7261
"128","Lynx pardinus",0,0,0,0,0,1,0,1,0,1,0,0,NA,NA,NA,0.916290731874155,NA,NA,NA,NA,9.232590980911,NA,NA,NA,NA,11.283333,NA,NA,NA,103.004,0.1,0.0625,0.0238095238095238,7.08312915171628,135.89524,1,1,5.4930618548631,-131.26383
"129","Macaca fascicularis",0,0,0,0,0,1,0,1,0,0,0,1,1278.75,1544,262.765,0,0.93,0.127033601378996,5.78191566805954,6.74674109913348,8.42711967631805,NA,NA,NA,310.75,39,8.18535022317869,8.58204416373585,NA,52.15,0.3,0.25,0.488095238095238,14.8077108081748,330,1,1,8.69884787590027,-132.40486
"130","Macaca mulatta",0,0,0,0,0,1,0,1,0,0,0,1,1231,2007,292,0,1,0.127093874949691,6.16023638635485,7.28207365809346,8.79694389354174,0.02,15,NA,310.45,34.633333,8.58279364850019,9.12254687102551,NA,65.95,0.4,0.6875,0.452380952380952,15.8321883048375,330,1,1,9.23112292095303,-133.81494
"131","Macaca nemestrina",0,0,0,0,0,1,0,1,0,0,0,1,1226.61352,1095,324,0,0.85,0.103391429279073,6.14889555505681,7.25594431927057,8.9363494794541,NA,NA,NA,NA,34.3,8.60483770126828,9.11294802596753,NA,64.95,0.4,0.1875,0.166666666666667,14.1278247039121,344,1,1,7.19443692617541,-134.48797
"132","Manacus vitellinus",0,0,1,0,0,0,0,1,0,0,0,1,NA,NA,NA,0.693147180559945,3,NA,NA,NA,2.86220088092947,NA,NA,NA,NA,NA,2.83026783382646,2.91777073208428,2.70805020110221,NA,0.2,0.125,0.0714285714285714,11.6861621054769,18.5,0,1,3.85014972936737,-120.34141
"133","Mandrillus leucophaeus",0,0,0,0,0,1,0,1,0,0,0,1,1730.2866,NA,486.976,0,0.65,0.274692527412406,6.64898455002478,NA,9.69594972106474,NA,NA,NA,NA,39.175,9.90348755253613,NA,NA,73.2,0.5,0.125,0.0476190476190476,10.694207094073,358.22,1,1,4.02535347644784,-135.71201
"134","Manis javanica",0,0,0,0,0,1,0,1,0,1,0,0,755.15,NA,NA,0,1,-0.000684694349687224,NA,NA,8.42087059929547,NA,NA,NA,NA,6.075,NA,NA,NA,59,0.1,0.25,0.404761904761905,14.6567115478049,NA,1,1,4.07753913881954,-147.42682
"135","Marmota flaviventris",0,0,0,0,0,1,0,1,0,0,0,1,816.59788,730,26.37902,1.49065437644413,0.97,0.224374824985578,3.52046080248897,6.17134562836258,8.21871437667284,NA,NA,8.626,309.65,21.125,NA,NA,8.17282647523067,50.59,0.3,0.1875,0.202380952380952,14.3568207995032,60.195,1,1,5.33753856047043,-126.13068
"136","Marmota marmota",0,0,0,0,0,1,0,1,0,0,0,1,827.69,730,48.2,1.43270073393405,1,0.9164276145053,3.39249294103201,NA,8.1605182474775,NA,NA,NA,NA,17.391667,NA,NA,8.10892415597534,60,0.3,0.1875,0.0833333333333333,12.2692560113576,70.41506,1,1,5.13579902528538,-124.3886
"137","Mastacembelus armatus",1,0,0,0,0,0,0,1,0,NA,NA,NA,NA,NA,NA,NA,NA,NA,NA,NA,NA,NA,NA,NA,NA,NA,NA,NA,NA,NA,0.666666666666667,0.5,0.452380952380952,17.2477007849284,NA,0,0,4.00733500341264,-139.26783
"138","Mastomys coucha",0,0,0,0,0,1,0,1,0,1,0,0,NA,NA,NA,2.07442899985629,3.56,-2.32431151159063,0.751416088683921,NA,3.98545932350133,NA,NA,NA,NA,2.908333,NA,NA,NA,17,0.3,0.25,0.119047619047619,14.0555097874209,NA,0,0,5.05624644229078,-122.69085
"139","Maylandia zebra",1,0,0,0,0,0,0,1,0,NA,NA,NA,NA,NA,NA,NA,NA,NA,NA,NA,NA,NA,NA,NA,NA,NA,NA,NA,NA,NA,NA,0.25,0.0714285714285714,17.2071673639548,NA,1,1,4.87519808655964,-150.261612
"140","Melopsittacus undulatus",0,0,1,0,0,0,0,1,0,0,0,1,180,180,NA,1.6094379124341,NA,NA,0.364643113587909,NA,3.36901848329792,NA,NA,0.3035,314.15,21,3.3603753871419,3.37758751602302,3.3322045101752,19,0.1,0.375,0.119047619047619,15.5889074790827,18,0,1,6.87832657127793,-124.16029
"141","Merops nubicus",0,0,1,0,0,0,0,1,0,0,0,1,NA,NA,NA,1.17865499634165,NA,NA,NA,NA,3.76120011569356,NA,NA,NA,NA,NA,3.76120011569356,NA,3.74950407593037,NA,0.1,0.3125,0.166666666666667,15.3457224174615,NA,NA,1,1.79177613575583,-136.56101
"142","Mesitornis unicolor",0,0,1,0,0,0,0,1,0,0,0,1,NA,NA,NA,0,NA,NA,NA,NA,4.99721227376411,NA,NA,NA,NA,NA,4.99721227376411,NA,NA,NA,0.1,0.0625,0.0238095238095238,10.5232049060001,NA,1,1,9.99950003332973e-05,-129.56105
"143","Mesocricetus auratus",0,0,0,0,0,1,0,1,0,1,0,0,48,48,20.505,2.1621729392773,3.75,NA,0.845868267577609,3.13244609686981,4.65396035015752,NA,NA,0.69,311.25,3.9,NA,4.68213122712422,4.68398136641238,18,0.4,0.0625,0.0119047619047619,8.45621234145106,32,1,1,7.78488933725244,-129.49766
"144","Microcaecilia unicolor",0,1,0,0,0,0,0,1,0,NA,NA,NA,NA,NA,NA,NA,1,NA,NA,NA,NA,NA,NA,NA,NA,NA,NA,NA,NA,24,NA,0.0625,0.0119047619047619,10.3899265392392,NA,1,0,-9.21034037197618,-109.421863
"145","Microtus ochrogaster",0,0,0,0,0,1,0,1,0,1,1,1,47,NA,20.39212,1.33500106673234,4,-2.64248551914779,1.10525683138678,2.8142103969306,3.84374416467485,NA,NA,0.41,311.05,5.3,NA,NA,3.87535902105655,12.4435,0.2,0.375,0.214285714285714,14.9920256420152,45.52264,1,1,7.17472438640605,-133.864089
"146","Miniopterus natalensis",0,0,0,0,0,1,0,1,0,1,0,0,666.44,730,60.19,-0.00501254182354429,1,-0.000684694349687224,1.05082162483176,2.52572864430826,2.41457359494209,NA,NA,NA,NA,14,NA,NA,2.3887627892351,6,0.1,0.5,0.285714285714286,15.1472160853448,113.44,1,1,3.04452719961685,-123.95612
"147","Monodelphis domestica",0,0,0,0,0,1,0,1,0,1,0,0,137.1,122,51.245,2.19722457733622,4,-1.93501827149738,-2.3538783873816,3.02771531940704,4.60517018598809,NA,NA,0.335,305.75,5.55,4.49980967033027,4.60517018598809,4.64439089914137,16.955,0.5,0.3125,0.19047619047619,15.2293350400413,29.775,1,1,7.13409380093768,-108.70793
"148","Monodon monoceros",0,0,0,0,0,1,0,0,1,1,1,1,2191.392,2922,608,0,0.33,0.9164276145053,11.289781913656,NA,13.7516399737072,NA,NA,NA,NA,45,NA,NA,13.7178977290973,564.6265,0.2,0.0625,0.0595238095238095,15.0607755470593,900,1,0,5.59098735364512,-121.90408
"149","Monopterus albus",1,0,0,0,0,0,0,1,1,NA,NA,NA,NA,NA,NA,NA,NA,NA,NA,NA,NA,NA,NA,NA,NA,NA,NA,NA,NA,NA,0.666666666666667,0.571428571428571,0.215189873417722,18.2541432322432,NA,0,0,5.61677146130287,-131.16053
"150","Muntiacus muntjak",0,0,0,0,0,1,0,1,0,1,1,1,272,332,60.936,0.157003748809665,1.35,-0.415785116683722,7.17839291682466,NA,9.77631248702257,NA,NA,NA,NA,17.6,NA,NA,NA,115.7495,0.2,0.25,0.214285714285714,14.2176139000891,420,1,1,4.89784054621929,-130.42953
"151","Mus caroli",0,0,0,0,0,1,0,1,0,1,0,0,53.355,42,21.91392,1.75871961514985,4.57,-2.49938471296865,0.22314355131421,2.19165353228676,2.92584614608982,NA,NA,NA,NA,4,NA,2.72785282839839,2.89037175789616,9.5,0.3,0.1875,0.345238095238095,14.4261714728251,40.6,0,0,4.51086060541734,-115.33658
"152","Mus musculus",0,0,0,0,0,1,0,1,0,1,0,0,53.355,42,21.91392,1.80335860507141,4.57,-2.49938471296865,0.22314355131421,2.19165353228676,3.02042488614436,0.01,0.3,0.271,310.05,5,NA,2.72785282839839,2.89037175789616,9.5,0.3,1,0.94047619047619,18.2966056891427,38.6,0,0,8.96213540288383,-111.53614
"153","Mus pahari",0,0,0,0,0,1,0,1,0,1,0,0,NA,NA,NA,NA,NA,NA,NA,NA,3.24765762629365,NA,NA,NA,NA,NA,NA,NA,NA,NA,0.3,0.375,0.285714285714286,14.3362159178373,NA,0,0,3.13549856374578,-127.82064
"154","Mustela erminea",0,0,0,0,0,1,0,1,0,1,0,0,94.98016,365,45.34964,1.91028297141216,1,-0.000684694349687224,0.832909122935104,3.27978275977172,4.70347587477221,NA,NA,1.276,312.75,11.141667,NA,5.78074351579233,4.83230575857184,27.0325,0.4,0.75,0.476190476190476,17.5407862444182,86.26174,1,1,6.30261915889507,-144.72379
"155","Mustela putorius",0,0,0,0,0,1,0,1,0,1,1,1,310.25,322,54.39,2.03861954715958,1.26,-0.621192688337718,2.2512917986065,NA,6.69579891705849,NA,NA,NA,NA,11.1,NA,6.85118492749374,NA,40.946,0.4,0.375,0.30952380952381,15.6091098192983,83.49,1,1,7.03438801802123,-158.74616
"156","Myotis brandtii",0,0,0,0,0,1,0,1,0,1,0,0,NA,NA,NA,NA,NA,NA,NA,NA,1.94591014905531,NA,NA,NA,NA,41,NA,NA,NA,NA,0.1,0.625,0.333333333333333,15.8521868033023,NA,1,1,3.87120309423905,-113.39174
"157","Myotis davidii",0,0,0,0,0,1,0,1,0,1,0,0,365,456,NA,0,1,-0.000684694349687224,NA,NA,1.66770682055808,NA,NA,NA,NA,11.5,NA,NA,NA,5,0.1,0.4375,0.226190476190476,15.2299175235111,NA,1,1,2.70805686774665,-118.87952
"158","Myotis lucifugus",0,0,0,0,0,1,0,1,0,1,0,0,245.3,210,25.5,0,1,-0.000684694349687224,0.727548607277278,1.9154509415706,1.96711235670592,NA,NA,0.051,305.15,29,NA,NA,1.75785791755237,5.27,0.1,0.4375,0.30952380952381,16.3038172265203,112.395,1,1,7.11151219806222,-116.45354
"159","Myripristis murdjan",1,0,0,0,0,0,0,0,1,NA,NA,NA,NA,NA,NA,NA,NA,NA,NA,NA,5.34591634534732,NA,NA,NA,NA,NA,NA,NA,NA,15.875,0.166666666666667,0.583333333333333,0.327586206896552,19.0843464225884,NA,1,0,1.79177613575583,-137.88521
"160","Nanorana parkeri",0,1,0,0,0,0,0,1,0,NA,NA,NA,NA,NA,NA,4.63472898822964,1,NA,NA,NA,2.16332302566054,NA,NA,NA,NA,NA,NA,NA,NA,5.5,NA,0.1875,0.119047619047619,12.8148465507383,NA,1,0,3.36729927825639,-131.483746
"161","Neolamprologus brichardi",1,0,0,0,0,0,0,1,0,NA,NA,NA,NA,NA,NA,NA,NA,NA,NA,NA,1.59707610487822,NA,NA,NA,NA,NA,NA,NA,NA,NA,0.166666666666667,0.1875,0.0476190476190476,17.2071673639548,NA,1,1,3.61092061534328,-156.87654
"162","Neopelma chrysocephalum",0,0,1,0,0,0,0,1,0,0,0,1,NA,NA,NA,NA,NA,NA,NA,NA,2.73111547403321,NA,NA,NA,NA,NA,NA,NA,2.73111547403321,NA,0.2,0.1875,0.178571428571429,13.4645662665496,NA,0,1,0.693197179309987,-132.186257
"163","Neophocaena asiaeorientalis",0,0,0,0,0,1,0,NA,NA,NA,NA,NA,NA,NA,NA,NA,NA,NA,NA,NA,NA,NA,NA,NA,NA,NA,NA,NA,NA,NA,NA,0.0625,0.0357142857142857,13.8942895267576,NA,1,0,4.97673443207551,-122.35657
"164","Nipponia nippon",0,0,1,0,0,0,0,1,1,0,0,1,NA,NA,NA,1.09861228866811,NA,NA,NA,NA,7.54960916515453,NA,NA,NA,NA,17,NA,NA,7.52294091807237,56,0.3,0.0625,0.0119047619047619,7.9504616363303,NA,0,1,4.41884181261515,-130.73572
"165","Nomascus leucogenys",0,0,0,0,0,1,0,1,0,0,0,1,3069.409,NA,724,0,NA,NA,6.20925378966027,NA,8.79801453278233,NA,NA,NA,NA,40.845833,NA,NA,NA,59,0.3,0.0625,0.0238095238095238,10.8462356568101,207.59112,1,1,4.31748944686875,-133.24279
"166","Notechis scutatus",0,0,0,0,0,0,1,NA,NA,NA,NA,NA,288,240,NA,2.7408400239252,1,NA,1.90954250488444,NA,1.73659671843583,NA,NA,NA,NA,14.1,NA,NA,6.85435450225502,NA,NA,0.375,0.154761904761905,13.3768080956299,NA,0,0,5.63478996031204,-124.03759
"167","Nothobranchius furzeri",1,0,0,0,0,0,0,1,0,NA,NA,NA,NA,28,NA,NA,NA,NA,NA,NA,NA,NA,NA,NA,NA,NA,NA,NA,NA,NA,NA,0.0625,0.0119047619047619,17.2071673639548,NA,1,0,5.03043857498699,-129.88288
"168","Nothoprocta perdicaria",0,0,1,0,0,0,0,1,0,0,0,1,NA,NA,NA,2.07944154167984,NA,NA,NA,NA,6.12686918411419,NA,NA,NA,NA,NA,NA,NA,6.12686918411419,NA,0.4,0.125,0.0238095238095238,11.6834326384736,NA,0,1,2.63906447244689,-122.93688
"169","Notothenia coriiceps",1,0,0,0,0,0,0,0,1,NA,NA,NA,NA,NA,NA,NA,NA,NA,NA,NA,NA,NA,NA,NA,NA,NA,NA,NA,NA,NA,0.5,0.166666666666667,0.0732758620689655,17.3900610047815,NA,1,0,5.63835502520557,-149.84035
"170","Numida meleagris",0,0,1,0,0,0,0,1,0,0,0,1,NA,NA,NA,2.16905370036952,1,NA,3.19867311755068,NA,7.22620901010067,NA,NA,NA,NA,NA,7.36391350140582,7.37306038744632,7.1693500166706,58,0.4,0.625,0.369047619047619,16.4300242968124,27.5,0,0,6.04263307121204,-115.73756
"171","Nyctereutes procyonoides",0,0,0,0,0,1,0,1,0,1,0,0,326.63,304,48.345,1.84054963339749,1,-0.000684694349687224,4.47072408943517,6.65929391968364,8.35042997353814,NA,NA,NA,311.15,12.5,NA,8.15190987294091,NA,56.369,0.5,0.625,0.452380952380952,16.2621533149365,122.84,1,1,6.38012270639128,-140.85531
"172","Ochotona princeps",0,0,0,0,0,1,0,1,0,1,1,1,347.57912,NA,26.45,1.09861228866811,2.11,-2.49257461362345,2.19722457733622,4.39592953984287,4.94306997460049,NA,NA,0.932,313.25,7,NA,NA,4.69134788222914,19,0.1,0.25,0.202380952380952,13.7042089817854,60.436,1,1,5.39816315400634,-141.30469
"173","Octodon degus",0,0,0,0,0,1,0,1,0,0,0,1,187.19,182,36,1.66959183525385,1.8,NA,2.64617479738412,4.26549281841793,5.32220477700138,NA,NA,0.958,310.75,7.1,NA,NA,5.29631536387736,23.75,0.3,0.125,0.0238095238095238,11.0588164046225,180.09056,1,1,6.5680780518614,-127.24773
"174","Odocoileus virginianus",0,0,0,0,0,1,0,1,0,1,1,0,309,417,129,0.536493370514568,1,-0.183291222768087,8.00636756765025,10.4232133519749,11.0870535470844,NA,NA,123.447,312.15,21.6,NA,10.7099634184031,11.0326694592601,180.6845,0.2,0.875,0.654761904761905,16.4834771998734,399.39,1,1,8.14060707200447,-132.63284
"175","Oncorhynchus mykiss",1,0,0,0,0,0,0,1,1,NA,NA,NA,NA,912,NA,8.1605182474775,NA,NA,NA,NA,6.52226925318929,NA,NA,NA,NA,NA,NA,NA,NA,NA,NA,0.857142857142857,0.392405063291139,19.7532776904,18,0,1,10.2373850523655,-152.50075
"176","Opisthocomus hoazin",0,0,1,0,0,0,0,1,0,0,0,1,NA,NA,NA,1.09861228866811,NA,NA,NA,NA,6.67582322163485,NA,NA,NA,NA,NA,6.67582322163485,NA,6.62406522779989,NA,0.1,0.4375,0.464285714285714,15.8383657078316,28,0,1,3.80666471199007,-128.03056
"177","Orcinus orca",0,0,0,0,0,1,0,0,1,1,1,1,4206.86392,4930,443.38,0,0.21,1.38595207254584,11.978753701885,NA,15.2741255806638,NA,14,NA,309.15,90,NA,NA,15.7976148667552,922.632,0.3,0.9375,0.55952380952381,18.6792043946126,889.72102,1,0,7.18765723970074,-116.1652
"178","Oreochromis aureus",1,0,0,0,0,0,0,1,0,NA,NA,NA,NA,NA,NA,NA,NA,NA,NA,NA,NA,NA,NA,NA,NA,NA,NA,NA,NA,NA,0.833333333333333,0.75,0.44047619047619,18.707525055553,NA,1,1,6.42162243040813,-149.28635
"179","Oreochromis niloticus",1,0,0,0,0,0,0,1,0,NA,NA,NA,NA,NA,NA,NA,NA,NA,NA,NA,4.92362391710663,NA,NA,NA,NA,NA,NA,NA,NA,14.6625,0.833333333333333,0.875,0.702380952380952,18.707525055553,NA,1,1,9.14665483094762,-140.68319
"180","Ornithorhynchus anatinus",0,0,0,0,0,1,0,1,0,1,1,1,645.23,548,113.485,0.693147180559945,1.1,-0.000684694349687224,NA,NA,7.11069612297883,NA,NA,1.931,307.15,22.6,NA,NA,6.93760530095102,41.918,0.2,0.375,0.130952380952381,13.7119683936403,31.74,0,0,5.98393653257633,-118.05669
"181","Orycteropus afer",0,0,0,0,0,1,0,1,0,1,1,0,755.15,730,102.56932,0.0295588022415444,1,-0.000684694349687224,7.49554194388426,8.74033674273045,10.9362306573498,NA,NA,34.275,307.65,24,NA,NA,10.77895628989,141.7215,0.1,0.5625,0.345238095238095,16.7742158399315,447.05,0,1,4.30406644455461,-122.25866
"182","Oryctolagus cuniculus",0,0,0,0,0,1,0,1,0,1,0,0,185.61,NA,26.15,1.65632149833295,4.415,-2.53328625624778,3.67908161163383,5.3590831548706,7.54960916515453,NA,NA,7.395,312.15,10,NA,7.96831950001272,NA,45,0.1,0.125,0.107142857142857,13.3601655766594,60.59594,1,1,8.18367661053802,-117.27522
"183","Oryzias melastigma",1,0,0,0,0,0,0,1,0,NA,NA,NA,NA,NA,NA,NA,NA,NA,NA,NA,NA,NA,NA,NA,NA,NA,NA,NA,NA,NA,NA,0.1875,0.0595238095238095,17.2477007849284,NA,1,0,5.27300007138413,-143.69441
"184","Otolemur garnettii",0,0,0,0,0,1,0,1,0,1,0,0,344.83988,450,91.55374,0.231111720963387,1.715,-0.497904676562584,2.64262239577975,4.68522827815867,6.15965548530821,NA,NA,3.927,309.15,17,NA,NA,6.61035951434272,20,0.3,0.25,0.107142857142857,13.2502683978019,260.74428,1,1,4.21950917576326,-134.112509
"185","Ovis aries",0,0,0,0,0,1,0,1,0,1,1,1,548,868.5,182,0.198850858745165,1,-0.000684694349687224,7.77327468548237,9.76995615991161,11.6082356447746,NA,NA,NA,311.95,16.966667,NA,10.4631033404715,NA,158.5,0.1,NA,NA,NA,304.89436,1,1,7.72577148571858,-131.57282
"186","Paguma larvata",0,0,0,0,0,1,0,1,0,1,0,0,NA,NA,109.13,0.832909122935104,2,-0.693831874909632,NA,NA,8.36637030168165,NA,NA,NA,NA,18,NA,NA,NA,69.7555,0.3,0.5,0.55952380952381,15.683072936022,NA,1,1,4.4067204667757,-127.70722
"187","Pan paniscus",0,0,0,0,0,1,0,1,0,0,0,1,3287.088,NA,854.74466,0,0.22,1.57829400874276,7.24405964437091,9.02701831484864,10.4665246240578,NA,NA,NA,NA,48,NA,10.7144177687525,NA,78.8715,0.4,0.0625,0.0238095238095238,12.9378787598077,467.32043,1,1,7.07496328256841,-133.63701
"188","Pan troglodytes",0,0,0,0,0,1,0,1,0,0,0,1,3636.98,2920,1112.13144,0.0723206615796261,0.2,1.29423010435291,7.4645212958889,9.04782144247841,10.7140510348471,0.04,8,NA,308.85,59.35,NA,10.6987399560332,NA,86.8045,0.3,0.1875,0.202380952380952,14.6546084001832,458,1,1,8.74941542251905,-134.59422
"189","Pangasianodon hypophthalmus",1,0,0,0,0,0,0,1,0,NA,NA,NA,NA,NA,NA,NA,NA,NA,NA,NA,NA,NA,NA,NA,NA,NA,NA,NA,NA,NA,0.5,0.3125,0.238095238095238,17.2477007849284,NA,0,0,6.26720073829467,-132.46726
"190","Panthera pardus",0,0,0,0,0,1,0,1,0,1,0,0,937,771,110,0.76080582903376,1,0.231046528362205,6.30991827822652,7.57044325205737,10.8794612865715,NA,NA,NA,NA,23,NA,NA,NA,164.3855,0.1,0.8125,0.69047619047619,17.3629549031242,194,1,1,6.68085480426072,-132.57504
"191","Panthera tigris",0,0,0,0,0,1,0,1,0,1,1,1,1268,1415,121,0.943905898907128,0.4,0.76589753120535,7.12977019362553,9.30592324186991,11.7660160926524,NA,NA,133.859,310.65,26.275,NA,12.7381704045717,11.8342840637814,231.2395,0.1,0.5,0.380952380952381,14.1158861046286,210.19,1,1,6.9177057088452,-131.49184
"192","Papio anubis",0,0,0,0,0,1,0,1,0,0,0,1,1583.185,1762,338.96,0.00498754151103897,0.8,0.55892326248073,6.71270100408317,8.19981038665132,9.78293217749576,NA,NA,NA,NA,37.2125,9.5414051575081,10.0413781798756,9.44705541260047,76.2,0.4,0.375,0.30952380952381,15.873081537901,178.96,1,1,7.05012260699932,-134.48045
"193","Paralichthys olivaceus",1,0,0,0,0,0,0,0,1,NA,NA,NA,NA,NA,NA,NA,NA,NA,NA,NA,NA,NA,NA,NA,NA,NA,NA,NA,NA,NA,0.5,0.166666666666667,0.021551724137931,17.8189566186371,NA,0,0,8.15392516076829,-144.451388
"194","Parambassis ranga",1,0,0,0,0,0,0,1,1,NA,NA,NA,NA,NA,NA,NA,NA,NA,NA,NA,NA,NA,NA,NA,NA,NA,NA,NA,NA,NA,0.166666666666667,0.25,0.120253164556962,18.2667246584112,NA,0,0,2.39790436366614,-125.3575
"195","Paramormyrops kingsleyae",1,0,0,0,0,0,0,1,0,NA,NA,NA,NA,NA,NA,NA,NA,NA,NA,NA,2.31845844215034,NA,NA,NA,NA,NA,NA,NA,NA,NA,NA,0.125,0.0714285714285714,17.2071673639548,NA,0,0,1.6094579122341,-116.97295
"196","Parus major",0,0,1,0,0,0,0,1,0,0,0,1,365,365,NA,2.15176220325946,1.5,NA,0.139761942375159,NA,2.89037175789616,NA,NA,NA,NA,15.2,2.88480071284671,2.94706710157271,2.88340308858007,NA,0.5,1,0.773809523809524,17.2991472892272,13.5,0,1,8.16536366090731,-124.99697
"197","Pelecanus crispus",0,0,1,0,0,0,0,0,1,0,0,1,1001.802,913.2,NA,1.01160091167848,1,0,4.70048036579242,NA,9.07107830464268,NA,NA,NA,NA,35.3,9.06675864349816,9.26624800391448,9.26511260782316,NA,0.1,0.1875,0.0595238095238095,11.2910147513699,30.5,0,1,4.02535347644784,-120.56466
"198","Pelodiscus sinensis",0,0,0,0,0,0,1,NA,NA,NA,NA,NA,NA,NA,NA,2.67414864942653,NA,NA,NA,NA,7.75255000915122,NA,NA,NA,NA,7.3,7.75255000915122,NA,7.75255000915122,NA,NA,NA,NA,NA,61.5,1,0,6.01126741950217,-111.91888
"199","Perca flavescens",1,0,0,0,0,0,0,1,0,NA,NA,NA,NA,NA,NA,11.5129254649702,NA,NA,NA,NA,5.19017520792833,NA,NA,NA,NA,NA,NA,NA,NA,NA,0.5,0.375,0.30952380952381,16.9822825514204,16,0,0,7.51643335732259,-133.70361
"200","Peromyscus leucopus",0,0,0,0,0,1,0,1,0,1,0,0,70.91588,NA,22.33,1.46902575871736,3.9,-2.63101305175127,0.636576829071551,2.20772481197009,3.10458667846607,0.001,0.5,0.213,309.85,7.9,NA,3.10099278421148,3.10458667846607,10.0705,0.4,0.625,0.369047619047619,15.5787593952504,51.26188,1,1,14.9256140195475,-136.42341
"201","Peromyscus maniculatus",0,0,0,0,0,1,0,1,0,1,0,0,59.95794,NA,22.575,1.52931186795482,3.55,-2.61218017803937,0.60431596685333,2.19165353228676,3.02042488614436,NA,NA,0.219,309.75,7.95,NA,4.68776348429194,3.06339092202781,9.8875,0.4,0.75,0.345238095238095,16.3828326094528,50,1,1,7.56423852703771,-131.76553
"202","Phaethon lepturus",0,0,1,0,0,0,0,0,1,0,0,1,NA,NA,NA,0,1.4,NA,3.40119738166216,NA,5.84932477994686,NA,NA,NA,NA,NA,5.97126183979046,NA,5.82403150428561,NA,0.2,NA,NA,NA,41,0,1,3.73767199923291,-123.39343
"203","Phalacrocorax carbo",0,0,1,0,0,0,0,0,1,0,0,1,1460,1460,NA,1.32175583998232,1,NA,3.71357206670431,NA,7.69621263934641,NA,NA,NA,NA,21.625,7.60339933974067,7.78322401633604,7.70345904786717,NA,0.3,0.6875,0.476190476190476,16.6691439535607,29,0,1,6.60529805626619,-122.03382
"204","Phascolarctos cinereus",0,0,0,0,0,1,0,1,0,1,0,0,646,1095,342,0.00498754151103897,1,0.145607398272929,-1.02165124753198,7.05185562295589,8.63885668833471,NA,NA,5.744,308.95,20,NA,NA,8.46218775237951,85,0.1,0.375,0.0952380952380952,13.9128136625437,62,0,1,6.8501262720777,-124.369049
"205","Phasianus colchicus",0,0,1,0,0,0,0,1,0,0,0,1,240,240,NA,2.39789527279837,1,NA,3.02042488614436,NA,6.95057527616507,NA,NA,NA,NA,27,6.8596149036542,7.12326980313186,6.89669433162271,57.5,0.4,0.875,0.511904761904762,16.634370186022,24,0,0,6.61338435260774,-108.277528
"206","Phodopus campbelli",0,0,0,0,0,1,0,1,0,1,1,0,118,NA,20,1.70110510095992,3.5,-2.43484609290921,0.570979546585738,2.66025953726586,3.35846383907525,NA,NA,NA,NA,3.183333,NA,3.74714836223791,3.44361809754611,9.122,0.2,0.375,0.202380952380952,14.5332795690773,20,1,1,5.00394697708617,-141.77169
"207","Phyllostomus discolor",0,0,0,0,0,1,0,1,0,1,0,0,NA,NA,NA,0,NA,NA,1.94591014905531,NA,3.69012867351437,NA,NA,0.267,307.75,9,NA,NA,3.51154543883102,9.7,0.3,0.5625,0.785714285714286,16.3411101399074,210,1,1,4.93447465255489,-129.71877
"208","Physeter catodon",0,0,0,0,0,1,0,0,1,1,1,1,3857.52,5750,415.76,0,0.23,1.24481122559127,13.5593271525719,14.1081801719271,16.1280459818115,NA,NA,NA,NA,100,NA,NA,17.2430252479438,1098.769,0.1,NA,NA,NA,464.62,1,0,6.62406536060201,-126.81317
"209","Piliocolobus tephrosceles",0,0,0,0,0,1,0,1,0,0,0,1,1490.14656,NA,665.93968,0,NA,NA,NA,NA,8.9878528554241,NA,NA,NA,NA,NA,8.88875674784872,9.12766503530727,NA,NA,0.2,0.1875,0.0476190476190476,8.26700281574445,171.35468,1,1,2.70805686774665,-133.1645
"210","Pipistrellus abramus",0,0,0,0,0,1,0,1,0,1,0,0,NA,NA,NA,0.786182046527135,NA,NA,0.0392207131532813,NA,1.6854725987101,NA,NA,NA,NA,2.908333,1.56861591791385,1.53686721959926,NA,NA,0.1,0.4375,0.30952380952381,15.1792983799439,71.48,0,0,4.27666750790398,-139.69167
"211","Pipra filicauda",0,0,1,0,0,0,0,1,0,0,0,1,NA,NA,NA,0.693147180559945,NA,NA,NA,NA,2.73436750941958,NA,NA,NA,NA,NA,2.63905732961526,2.62466859216316,2.73436750941958,NA,0.2,0.25,0.30952380952381,14.7764495810366,NA,0,1,3.04452719961685,-118.49649
"212","Poecilia formosa",1,0,0,0,0,0,0,1,0,NA,NA,NA,NA,NA,NA,NA,NA,NA,NA,NA,NA,NA,NA,NA,NA,NA,NA,NA,NA,NA,NA,0.4375,0.107142857142857,16.9822825514204,NA,1,1,5.3890721864374,-144.96346
"213","Poecilia latipinna",1,0,0,0,0,0,0,1,1,NA,NA,NA,NA,NA,NA,NA,NA,NA,NA,NA,NA,NA,NA,NA,NA,NA,NA,NA,NA,2.91666666666667,0.166666666666667,0.642857142857143,0.161392405063291,18.644476025998,NA,1,1,6.12905042792544,-132.68369
"214","Poecilia mexicana",1,0,0,0,0,0,0,1,0,NA,NA,NA,NA,NA,NA,NA,NA,NA,NA,NA,-0.156057098572411,NA,NA,NA,NA,NA,NA,NA,NA,5.2,0.166666666666667,0.5625,0.369047619047619,17.2863966321396,NA,1,1,5.3132064716525,-152.989612
"215","Poecilia reticulata",1,0,0,0,0,0,0,1,0,NA,NA,NA,NA,74,NA,NA,NA,NA,NA,NA,-1.79175946922805,0.07,0.8,NA,NA,NA,NA,NA,NA,NA,0.166666666666667,0.75,0.69047619047619,18.707525055553,NA,1,1,8.11969628271915,-143.577615
"216","Pogona vitticeps",0,0,0,0,0,0,1,1,0,0,0,1,547.5,NA,NA,2.94443897916644,6,NA,1.15057202759882,NA,5.95324333428778,NA,NA,NA,NA,12,NA,NA,6.80239476332431,25,NA,0.25,0.0833333333333333,14.6569662221509,75,0,0,5.6276214734028,-123.484758
"217","Pongo abelii",0,0,0,0,0,1,0,1,0,0,0,1,2936.81,2555,1088.8,0.131028262406404,0.22,1.54410509832937,7.42173392673953,9.30565055178051,10.885721256345,NA,NA,NA,NA,59,NA,11.2204318355212,NA,119.5,0.3,0.0625,0.0238095238095238,9.79583556925214,259.42,1,1,5.30330540557139,-141.14581
"218","Procyon lotor",0,0,0,0,0,1,0,1,0,1,0,0,365,365,91,1.22082992139236,1,-0.000684694349687224,4.38202663467388,7.06902342657826,8.53208180390999,NA,NA,10.428,311.15,20.583333,NA,8.54286093816481,8.48512444189073,60,0.4,0.8125,0.464285714285714,16.2738023929152,126.91434,1,1,7.24779265294222,-109.53829
"219","Propithecus coquereli",0,0,0,0,0,1,0,1,0,0,0,1,1074.90716,912,179.395,0.00995033085316809,1,-0.000684694349687224,4.50030954537192,NA,8.19497350297379,NA,NA,NA,NA,20.6,NA,NA,8.11671562481911,51.1245,0.2,0.0625,0.0119047619047619,10.335732937192,145.5246,1,1,3.78419190664295,-133.44775
"220","Protobothrops mucrosquamatus",0,0,0,0,0,0,1,NA,NA,NA,NA,NA,NA,NA,NA,NA,NA,NA,NA,NA,NA,NA,NA,NA,NA,NA,NA,NA,NA,NA,NA,0.5,0.30952380952381,15.0887640467454,NA,0,0,5.22035636561872,-119.73937
"221","Pseudonaja textilis",0,0,0,0,0,0,1,NA,NA,NA,NA,NA,372,NA,NA,2.484906649788,NA,NA,1.96711235670592,NA,8.24774388722552,NA,NA,NA,NA,7,NA,NA,NA,NA,NA,0.4375,0.119047619047619,14.975894966299,91,0,0,5.19295740644561,-128.16685
"222","Pseudopodoces humilis",0,0,1,0,0,0,0,1,0,0,0,1,NA,NA,NA,1.6094379124341,NA,NA,NA,NA,3.8448142557347,NA,NA,NA,NA,NA,NA,3.8177123259569,NA,19,0.1,0.25,0.178571428571429,14.6275133882859,NA,0,1,3.68888195411081,-120.69288
"223","Pterocles gutturalis",0,0,1,0,0,0,0,1,0,0,0,1,NA,NA,NA,1.09861228866811,NA,NA,NA,NA,5.82600010738045,NA,NA,NA,NA,NA,5.8171111599632,5.8348107370626,5.82968064153158,NA,0.1,0.25,0.19047619047619,13.6053824407805,NA,0,1,9.99950003332973e-05,-125.59772
"224","Pteropus alecto",0,0,0,0,0,1,0,1,0,1,0,0,NA,NA,89.17,0.0953101798043249,1,NA,NA,NA,6.46320884800541,NA,NA,NA,NA,19.7,NA,NA,NA,25.46,0.1,0.375,0.166666666666667,14.1711729685161,NA,1,1,4.83628270060196,-131.9994
"225","Pteropus vampyrus",0,0,0,0,0,1,0,1,0,1,0,0,NA,NA,91.32,0,1,NA,4.89034912822175,NA,6.85085153859251,NA,NA,4.486,310.05,20.9,NA,NA,6.69703424766648,27.907,0.1,0.25,0.357142857142857,14.4785211604155,NA,1,1,4.44265243296021,-132.36049
"226","Puma concolor",0,0,0,0,0,1,0,1,0,1,1,1,912,912,90,1.01523067972906,0.47,0.62438162073574,5.99146454710798,8.1605182474775,10.77895628989,NA,NA,49.326,310.75,23.8,NA,NA,10.5240640402612,167.7665,0.1,0.9375,0.845238095238095,16.9361233138209,184.3,1,1,7.1823521878731,-130.28108
"227","Pundamilia nyererei",1,0,0,0,0,0,0,NA,0,NA,NA,NA,NA,NA,NA,NA,NA,NA,NA,NA,NA,NA,NA,NA,NA,NA,NA,NA,NA,NA,0.333333333333333,0.125,0.0238095238095238,17.2071673639548,NA,1,1,3.61092061534328,-152.4653512
"228","Pygocentrus nattereri",1,0,0,0,0,0,0,1,0,NA,NA,NA,NA,NA,NA,NA,NA,NA,NA,NA,2.13771044980381,NA,NA,NA,NA,NA,NA,NA,NA,20.5,0.666666666666667,0.5,0.416666666666667,17.6988192395657,NA,0,0,4.4773379508412,-136.51523
"229","Pygoscelis adeliae",0,0,1,0,0,0,0,0,1,0,0,1,1366.569,NA,NA,0.693147180559945,1,NA,NA,NA,8.48673398393153,NA,NA,NA,NA,18,8.4595640785796,8.55159461813357,8.4446224985814,70,0.2,NA,NA,NA,34,0,1,6.4150971228377,-124.59651
"230","Python bivittatus",0,0,0,0,0,0,1,NA,NA,NA,NA,NA,1095,1095,NA,3.31418600467253,1,NA,4.71133038181648,NA,9.74683374249075,NA,NA,NA,NA,34.170833,NA,NA,9.42302946538653,NA,NA,0.375,0.476190476190476,14.9626303459194,154.82,0,0,4.92725440979462,-123.79649
"231","Rattus norvegicus",0,0,0,0,0,1,0,1,0,1,0,0,78.78396,70,25,2.1809822712348,3.68,NA,1.75958057086382,4.15496918403854,5.63478960316925,0.002,0.3,1.404,310.25,5,NA,6.32793678372919,5.3322355847515,30,0.4,0.9375,0.595238095238095,16.7699568546437,42.60956,0,0,8.59304252223879,-125.82212
"232","Rhinatrema bivittatum",0,1,0,0,0,0,0,1,0,NA,NA,NA,NA,NA,NA,NA,1,NA,NA,NA,NA,NA,NA,NA,NA,NA,NA,NA,NA,24.6,NA,0.0625,0.0119047619047619,12.0775376295405,NA,1,0,1.0986456214459,-122.70993
"233","Rhinolophus alcyone",0,0,0,0,0,1,0,1,0,1,0,0,NA,NA,NA,-0.0202027073175195,NA,NA,NA,NA,2.92423627184892,NA,NA,NA,NA,NA,NA,NA,NA,NA,0.1,0.1875,0.226190476190476,14.8660999721916,NA,0,1,9.99950003332973e-05,-118.52689
"234","Rhinolophus ferrumequinum",0,0,0,0,0,1,0,1,0,1,0,0,778.845,730,52.935,-0.0100503358535015,1,-0.000684694349687224,1.74396880539171,NA,3.13004461116159,NA,NA,NA,NA,30,NA,NA,NA,6.9,0.1,0.75,0.488095238095238,16.0928824191932,165.62,0,1,6.02827876119452,-122.42454
"235","Rhinolophus landeri",0,0,0,0,0,1,0,1,0,1,0,0,NA,NA,60.41,-0.0100503358535015,NA,NA,NA,NA,2.23964529322017,NA,NA,NA,NA,NA,NA,NA,NA,NA,0.1,0.5,0.333333333333333,16.3107891712947,119.61,0,1,1.3863193608074,-114.24104
"236","Rhinolophus macrotis",0,0,0,0,0,1,0,1,0,1,0,0,NA,NA,NA,-0.0202027073175195,NA,NA,NA,NA,1.8213182714696,NA,NA,NA,NA,NA,NA,NA,NA,NA,0.1,0.5,0.321428571428571,14.6932582438608,NA,1,1,2.56495704973964,-138.687266
"237","Rhinolophus pearsonii",0,0,0,0,0,1,0,1,0,1,0,0,NA,NA,NA,NA,NA,NA,NA,NA,2.4466854369678,NA,NA,NA,NA,NA,2.72785282839839,NA,NA,NA,0.1,0.4375,0.297619047619048,14.971237322247,NA,1,1,-9.21034037197618,-161.49769
"238","Rhinolophus pusillus",0,0,0,0,0,1,0,1,0,1,0,0,NA,NA,41.85,0,NA,NA,0.943905898907128,1.85785927093258,1.6094379124341,NA,NA,NA,NA,NA,NA,NA,NA,NA,0.1,0.5,0.476190476190476,15.0916586981691,NA,1,0,2.89037731343629,-112.460158
"239","Rhinolophus sinicus",0,0,0,0,0,1,0,1,0,1,0,0,451.11,NA,59.42,-0.0100503358535015,1,NA,1.05082162483176,2.39789527279837,2.32776539152434,NA,NA,NA,NA,5,2.29253475714054,2.14006616349627,NA,NA,0.3,0.375,0.178571428571429,14.5895851528614,123.54,1,1,3.66356421022892,-119.62855
"240","Rhinopithecus roxellana",0,0,0,0,0,1,0,1,0,0,0,1,NA,NA,NA,0,NA,NA,NA,NA,9.59899836176797,NA,NA,NA,NA,26.645833,9.41735454136051,9.81005560774357,NA,70.355,0.3,0.1875,0.0714285714285714,12.6451407216624,398.34,1,1,5.41164649828351,-134.48783
"241","Rousettus aegyptiacus",0,0,0,0,0,1,0,1,0,1,0,0,365,365,122,0.0344014267173323,2,NA,3.04737550670583,4.30135873160643,4.89783979995091,NA,NA,0.684,307.95,22.9,NA,NA,4.98360662170834,17.2185,0.2,0.5625,0.345238095238095,15.2195007481097,232,1,1,5.87773606189164,-124.49258
"242","Saimiri boliviensis",0,0,0,0,0,1,0,1,0,0,0,1,1090.58878,1826,177,0,1.07,0.0240079197051012,4.67749084756772,6.01737592889248,6.68426791857235,NA,NA,NA,NA,28.595833,NA,6.65801104587075,6.72946558330155,32.2,0.5,0.25,0.166666666666667,14.1331438463862,320.545,1,1,5.15329217253229,-137.98163
"243","Salarias fasciatus",1,0,0,0,0,0,0,0,1,NA,NA,NA,NA,NA,NA,NA,NA,NA,NA,NA,2.24442617882051,NA,NA,NA,NA,NA,NA,NA,NA,NA,0.166666666666667,0.583333333333333,0.232758620689655,18.9118370096955,NA,0,1,1.6094579122341,-120.4007
"244","Sander lucioperca",1,0,0,0,0,0,0,1,1,NA,NA,NA,1338,1338,NA,NA,NA,NA,NA,NA,NA,NA,NA,NA,NA,NA,NA,NA,NA,NA,0.5,0.464285714285714,0.123417721518987,18.6159875307998,NA,0,0,6.78332531385424,-130.05418
"245","Sarcophilus harrisii",0,0,0,0,0,1,0,1,0,1,0,0,730.56,730,243.33,1.07840958135059,1,-0.000684694349687224,-3.82814152144744,6.74523634948436,8.77955745588373,NA,NA,8.664,308.95,13.058333,8.85366542803745,9.10497985631836,8.7204278697904,67.893,0.1,0.0625,0.0357142857142857,11.0710681409478,52,1,1,5.63478996031204,-116.61497
"246","Scleropages formosus",1,0,0,0,0,0,0,1,0,NA,NA,NA,NA,NA,NA,NA,NA,NA,NA,NA,2.51567830845475,NA,NA,NA,NA,NA,NA,NA,NA,NA,0.333333333333333,0.125,0.0476190476190476,17.2477007849284,NA,0,0,3.68888195411081,-123.74117
"247","Serinus canaria",0,0,1,0,0,0,0,1,0,0,0,1,NA,NA,NA,1.33762918913861,2,NA,-0.116533816255952,NA,3.04452243772342,NA,NA,0.230065,314.15,24,2.72785282839839,2.98315349134713,2.65850975554207,NA,0.4,0.0625,0.0119047619047619,9.26183253341969,12.5,0,1,5.89989762755506,-117.67294
"248","Seriola dumerili",1,0,0,0,0,0,0,0,1,NA,NA,NA,NA,NA,NA,NA,NA,NA,NA,NA,NA,NA,NA,NA,NA,NA,NA,NA,NA,60.5,0.5,0.916666666666667,0.297413793103448,19.4481244069617,NA,0,0,5.76519141626442,-149.39332
"249","Seriola lalandi",1,0,0,0,0,0,0,0,1,NA,NA,NA,NA,NA,NA,NA,NA,NA,NA,NA,NA,NA,NA,NA,NA,NA,NA,NA,NA,NA,0.5,0.833333333333333,0.267241379310345,19.4503854202502,NA,0,0,5.86929719561961,-156.56712
"250","Sinocyclocheilus anshuiensis",1,0,0,0,0,0,0,1,0,NA,NA,NA,NA,NA,NA,NA,NA,NA,NA,NA,NA,NA,NA,NA,NA,NA,NA,NA,NA,NA,NA,NA,NA,17.2477007849284,NA,1,0,1.0986456214459,-126.93477
"251","Sinocyclocheilus rhinocerous",1,0,0,0,0,0,0,1,0,NA,NA,NA,NA,NA,NA,NA,NA,NA,NA,NA,NA,NA,NA,NA,NA,NA,NA,NA,NA,NA,NA,0.0625,0.0119047619047619,17.2477007849284,NA,1,0,1.6094579122341,-135.86953
"252","Sorex araneus",0,0,0,0,0,1,0,1,0,1,1,1,325.96956,335,25,1.880990602956,1.9,-2.15626790068601,-0.82098055206983,2.14006616349627,2.10352421219579,NA,NA,0.348,308.15,3.2,NA,NA,2.12823170584927,7.506,0.2,0.5625,0.321428571428571,16.39848929665,42.00042,0,1,6.72142582127256,-111.627665
"253","Sparus aurata",1,0,0,0,0,0,0,0,1,NA,NA,NA,NA,NA,NA,NA,NA,NA,NA,NA,NA,NA,NA,NA,NA,NA,NA,NA,NA,NA,0.833333333333333,0.25,0.0603448275862069,17.2652827995432,NA,0,0,8.90910014844089,-152.13932
"254","Stegastes partitus",1,0,0,0,0,0,0,0,1,NA,NA,NA,NA,NA,NA,NA,NA,NA,NA,NA,NA,NA,NA,NA,NA,NA,NA,NA,NA,NA,0.166666666666667,0.25,0.0603448275862069,17.2860586508627,NA,0,0,5.43372244023537,-122.585664
"255","Strigops habroptila",0,0,1,0,0,0,0,1,0,0,0,1,3650,1825,NA,0.854415328156068,0.333,0.693147180559945,NA,NA,7.46737106691756,NA,NA,NA,NA,60,7.3132203870903,7.63046126178363,NA,56.5,0.3,0.0625,0.0238095238095238,9.78381000011666,30,0,1,1.0986456214459,-116.35725
"256","Sturnus vulgaris",0,0,1,0,0,0,0,1,0,0,0,1,455.101,365,NA,1.6094379124341,2,NA,1.71018781553424,NA,4.35253345527911,0.5,8,0.877,NA,22.916667,4.36054760299676,4.41521960202965,4.23410650459726,NA,0.6,0.9375,0.452380952380952,16.8118276888624,12,0,1,7.76131922353742,-128.07026
"257","Suricata suricatta",0,0,0,0,0,1,0,1,0,0,0,1,365,365,44,1.35066718347674,1,-0.000684694349687224,3.39282913199164,5.41832015894273,6.65415252018322,NA,NA,1.729,309.45,12.666667,NA,NA,6.74523634948436,31.7855,0.3,0.375,0.142857142857143,14.3800851159075,154,1,1,5.7899604767076,-121.83453
"258","Sus scrofa",0,0,0,0,0,1,0,1,0,1,1,0,334,768,97.88,1.71694612014939,1.5,-0.462502743359787,6.90274273715859,8.7749298418987,11.8130300574206,NA,NA,104.15,312.15,21,NA,12.0552497557956,11.8130300574206,157.4995,0.5,1,0.75,17.1486623768499,230.2,1,1,8.734881908135,-128.67843
"259","Tachysurus fulvidraco",1,0,0,0,0,0,0,1,0,NA,NA,NA,NA,NA,NA,NA,NA,NA,NA,NA,NA,NA,NA,NA,NA,NA,NA,NA,NA,13.1,0.333333333333333,0.25,0.130952380952381,17.2477007849284,NA,0,0,6.03787115858559,-127.95488
"260","Taeniopygia guttata",0,0,1,0,0,0,0,1,0,0,0,1,60,60,NA,1.50407739677627,2,NA,-0.544727175441672,NA,2.4793353254089,NA,NA,NA,314.15,13.25,2.484906649788,2.47653840011748,2.46385324059017,NA,0.1,0.0625,0.0357142857142857,11.3278965186668,14.15,0,1,7.58578887249345,-128.83711
"261","Takifugu rubripes",1,0,0,0,0,0,0,1,1,NA,NA,NA,NA,NA,NA,NA,NA,NA,NA,NA,NA,NA,NA,NA,NA,NA,NA,NA,NA,NA,NA,0.107142857142857,0.0316455696202532,18.2667246584112,NA,0,0,7.12286673924424,-125.824196
"262","Tauraco erythrolophus",0,0,1,0,0,0,0,1,0,0,0,1,NA,NA,NA,NA,NA,NA,NA,NA,5.58911956633606,NA,NA,NA,NA,NA,NA,NA,5.58911956633606,NA,0.2,0.125,0.0357142857142857,12.1536872335143,NA,0,1,0.693197179309987,-129.54813
"263","Thamnophis elegans",0,0,0,0,0,0,1,NA,NA,NA,NA,NA,NA,NA,NA,2.2512917986065,NA,NA,0.575646273248511,NA,5.99146454710798,NA,NA,NA,NA,15.8,NA,NA,NA,NA,NA,0.375,0.214285714285714,14.7468673747931,NA,1,0,5.20948669928936,-115.259136
"264","Theropithecus gelada",0,0,0,0,0,1,0,1,0,0,0,1,1400.0934,2190,450.8572,0,0.5,0.723815129606618,6.14042320023282,8.26873183211774,9.67809835664852,NA,NA,NA,NA,36,9.38597294061934,9.81874632408104,NA,67.25,0.1,0.1875,0.0476190476190476,11.5507197482265,340.41658,1,1,5.08140498610228,-134.21412
"265","Tinamus guttatus",0,0,1,0,0,0,0,1,0,0,0,1,NA,NA,NA,1.70474809223843,NA,NA,NA,NA,6.53378883793334,NA,NA,NA,NA,NA,6.60394382460047,6.45833828334479,NA,NA,0.3,0.1875,0.321428571428571,15.1945755488982,NA,0,1,1.0986456214459,-118.8845
"266","Trichechus manatus",0,0,0,0,0,1,0,0,1,1,1,1,1500.79916,913,456,0,0.4,1.09827000009406,10.2967785222965,NA,12.8674711277755,NA,NA,70.0056,NA,56,NA,NA,13.0170028617465,399.739,0.1,0.25,0.0833333333333333,14.2331601220358,669.58,0,1,6.34738938478734,-120.06239
"267","Tursiops truncatus",0,0,0,0,0,1,0,0,1,0,0,1,3126.01038,4036,562.22892,0,0.5,1.09861228866811,9.87044769845793,NA,12.3458345879053,NA,NA,NA,NA,53,NA,NA,13.3847276418718,362.8955,0.2,0.75,0.535714285714286,19.3560303046335,730,1,0,8.31311672734709,-121.80908
"268","Tyto alba",0,0,1,0,0,0,0,1,0,1,0,0,365,365,NA,1.63899671467564,1.75,NA,2.69799986524871,NA,5.94437293957413,NA,NA,NA,NA,15.416667,5.97126183979046,6.03128604129465,5.87913536213406,NA,0.3,0.875,0.94047619047619,17.9608643201731,31.9,0,1,7.0148144411228,-121.92695
"269","Ursus arctos",0,0,0,0,0,1,0,1,0,0,1,1,1320.475,1313,213,0.819779831493311,0.4,0.881893413188385,6.21458809822219,10.1658518170036,12.390475368528,NA,NA,NA,310.45,43.5,NA,12.1056996713834,NA,228.5,0.4,0.8125,0.5,17.4049997639027,206,1,1,7.66434667902494,-164.69464
"270","Ursus maritimus",0,0,0,0,0,1,0,1,0,0,1,1,1734,1734,326.44,0.506817602368452,0.4,0.772507299938473,6.47639527332861,9.78414079490356,12.8258525795314,NA,NA,NA,309.95,43.775,NA,12.9645392922108,NA,224.6275,0.2,0.1875,0.166666666666667,16.9336999737082,212.41594,1,1,7.1388670793106,-148.12426
"271","Vicugna pacos",0,0,0,0,0,1,0,NA,NA,NA,NA,NA,432,500,213,0.0392207131532813,NA,NA,8.88322423027899,NA,11.0348896640272,NA,NA,NA,312.25,NA,NA,NA,NA,NA,NA,NA,NA,NA,345,1,0,6.46146833260371,-105.614674
"272","Vombatus ursinus",0,0,0,0,0,1,0,1,0,1,0,0,742.575,730,398.725,0,0.77,0.692462486210258,-0.703197516413447,8.64822145382264,10.1561899060919,NA,NA,NA,NA,30.025,NA,NA,NA,109.339,0.1,0.3125,0.0952380952380952,12.6457092663175,55.5,0,1,5.111988390766,-125.032739
"273","Vulpes vulpes",0,0,0,0,0,1,0,1,0,1,1,0,304,304,49.71,1.55445360410134,1,-0.000684694349687224,4.61005822006087,7.24208235925696,8.42951977714646,NA,NA,13.731,311.85,15,NA,8.74193546409414,8.42951977714646,63,0.3,1,0.619047619047619,18.0977509614938,104.3525,1,1,8.30052863103829,-141.37352
"274","Xenopus tropicalis",0,1,0,0,0,0,0,1,0,1,NA,NA,NA,NA,NA,7.82404601085629,1,NA,NA,NA,4.86753445045558,NA,NA,NA,NA,NA,NA,NA,NA,14.7,0.2,0.25,0.142857142857143,14.3498418915043,NA,0,0,6.94601408734561,-131.44672
"275","Xiphophorus couchianus",1,0,0,0,0,0,0,1,0,NA,NA,NA,NA,NA,NA,NA,NA,NA,NA,NA,NA,NA,NA,NA,NA,NA,NA,NA,NA,NA,NA,0.0625,0.0238095238095238,16.9822825514204,NA,1,1,2.30259509294405,-150.223802
"276","Xiphophorus hellerii",1,0,0,0,0,0,0,1,0,NA,NA,NA,NA,NA,NA,NA,NA,NA,NA,NA,NA,NA,NA,NA,NA,NA,NA,NA,NA,3.95,0.666666666666667,0.75,0.464285714285714,18.707525055553,NA,1,1,4.27666750790398,-139.94198
"277","Xiphophorus maculatus",1,0,0,0,0,0,0,1,0,NA,NA,NA,NA,NA,NA,NA,NA,NA,NA,NA,NA,NA,NA,NA,NA,NA,NA,NA,NA,2.75,0.166666666666667,0.75,0.369047619047619,18.5202099662583,NA,1,1,5.89989762755506,-138.566583
"278","Zalophus californianus",0,0,0,0,0,1,0,0,1,1,1,0,1643.625,1826,315,0.0953101798043249,0.89,0.692462486210258,8.81856660819805,10.1266311038503,11.9741241946059,NA,NA,NA,311.25,30,11.6082356447746,12.8739020181058,NA,225.9485,0.2,0.125,0.0476190476190476,14.3142921870117,593.84,1,1,6.87005351564028,-129.13509
"279","Zonotrichia albicollis",0,0,1,0,0,0,0,1,0,0,0,1,364.234,365,NA,1.4036429994545,1.5,NA,1.02961941718116,NA,3.23277873003719,NA,NA,0.278,NA,14.916667,3.22286784613774,3.27336401015227,3.23277873003719,NA,0.4,0.0625,0.0595238095238095,12.3192136053677,13,0,0,5.66296082735811,-118.716322
